{
	"format_version": "1.21.6",
	"credit": "Made with Blockbench",
	"textures": {
		"0": "item/misc/binoculars",
		"particle": "item/misc/binoculars"
	},
	"elements": [
		{
			"from": [12, 0, 2],
			"to": [14, 2, 8],
			"rotation": {"angle": 0, "axis": "y", "origin": [12, 0, 2]},
			"faces": {
				"north": {"uv": [4, 4, 6, 6], "texture": "#0"},
				"east": {"uv": [4, 2, 10, 4], "texture": "#0"},
				"south": {"uv": [6, 4, 8, 6], "texture": "#0"},
				"west": {"uv": [4, 0, 10, 2], "texture": "#0"},
				"up": {"uv": [2, 0, 4, 6], "texture": "#0"},
				"down": {"uv": [0, 0, 2, 6], "texture": "#0"}
			}
		},
		{
			"from": [6, 0, 2],
			"to": [8, 2, 8],
			"rotation": {"angle": 0, "axis": "y", "origin": [6, 0, 2]},
			"faces": {
				"north": {"uv": [4, 4, 6, 6], "texture": "#0"},
				"east": {"uv": [4, 2, 10, 4], "texture": "#0"},
				"south": {"uv": [6, 4, 8, 6], "texture": "#0"},
				"west": {"uv": [4, 0, 10, 2], "texture": "#0"},
				"up": {"uv": [2, 0, 4, 6], "texture": "#0"},
				"down": {"uv": [0, 0, 2, 6], "texture": "#0"}
			}
		},
		{
			"from": [9.4, 1, 3],
			"to": [10.8, 2.4, 7],
			"rotation": {"angle": 0, "axis": "y", "origin": [8, 1, 2]},
			"faces": {
				"north": {"uv": [0, 6, 2, 8], "texture": "#0"},
				"east": {"uv": [0, 10, 4, 12], "texture": "#0"},
				"south": {"uv": [2, 6, 4, 8], "texture": "#0"},
				"west": {"uv": [0, 8, 4, 10], "texture": "#0"},
				"up": {"uv": [4, 6, 6, 11], "texture": "#0"},
				"down": {"uv": [6, 6, 8, 11], "texture": "#0"}
			}
		},
		{
			"from": [6.2, 0.2, 8],
			"to": [7.8, 1.8, 11],
			"rotation": {"angle": 0, "axis": "y", "origin": [6, 0, 8]},
			"faces": {
				"north": {"uv": [8, 4, 10, 6], "texture": "#0"},
				"east": {"uv": [10, 6, 14, 8], "texture": "#0"},
				"south": {"uv": [8, 6, 10, 8], "texture": "#0"},
				"west": {"uv": [10, 4, 14, 6], "texture": "#0"},
				"up": {"uv": [10, 0, 12, 4], "texture": "#0"},
				"down": {"uv": [12, 0, 14, 4], "texture": "#0"}
			}
		},
		{
			"from": [12.2, 0.2, 8],
			"to": [13.8, 1.8, 11],
			"rotation": {"angle": 0, "axis": "y", "origin": [12, 0, 8]},
			"faces": {
				"north": {"uv": [8, 4, 10, 6], "texture": "#0"},
				"east": {"uv": [10, 6, 14, 8], "texture": "#0"},
				"south": {"uv": [8, 6, 10, 8], "texture": "#0"},
				"west": {"uv": [10, 4, 14, 6], "texture": "#0"},
				"up": {"uv": [10, 0, 12, 4], "texture": "#0"},
				"down": {"uv": [12, 0, 14, 4], "texture": "#0"}
			}
		},
		{
			"from": [8, 0.8, 6],
			"to": [10, 1.6, 6.5],
			"rotation": {"angle": 15, "axis": "z", "origin": [8, 1, 6]},
			"faces": {
				"north": {"uv": [0, 15, 2, 16], "texture": "#0"},
				"east": {"uv": [2, 14, 3, 15], "texture": "#0"},
				"south": {"uv": [2, 15, 4, 16], "texture": "#0"},
				"west": {"uv": [2, 13, 3, 14], "texture": "#0"},
				"up": {"uv": [0, 13, 2, 14], "texture": "#0"},
				"down": {"uv": [0, 14, 2, 15], "texture": "#0"}
			}
		},
		{
			"from": [8, 0.8, 3.6],
			"to": [10, 1.6, 4.1],
			"rotation": {"angle": 15, "axis": "z", "origin": [8, 1, 4]},
			"faces": {
				"north": {"uv": [0, 15, 2, 16], "texture": "#0"},
				"east": {"uv": [2, 14, 3, 15], "texture": "#0"},
				"south": {"uv": [2, 15, 4, 16], "texture": "#0"},
				"west": {"uv": [2, 13, 3, 14], "texture": "#0"},
				"up": {"uv": [0, 13, 2, 14], "texture": "#0"},
				"down": {"uv": [0, 14, 2, 15], "texture": "#0"}
			}
		},
		{
			"from": [10, 0.8, 6],
			"to": [12, 1.6, 6.5],
			"rotation": {"angle": -15, "axis": "z", "origin": [12, 1, 6]},
			"faces": {
				"north": {"uv": [2, 15, 0, 16], "texture": "#0"},
				"east": {"uv": [3, 13, 2, 14], "texture": "#0"},
				"south": {"uv": [4, 15, 2, 16], "texture": "#0"},
				"west": {"uv": [3, 14, 2, 15], "texture": "#0"},
				"up": {"uv": [2, 13, 0, 14], "texture": "#0"},
				"down": {"uv": [2, 14, 0, 15], "texture": "#0"}
			}
		},
		{
			"from": [10, 0.8, 3.6],
			"to": [12, 1.6, 4.1],
			"rotation": {"angle": -15, "axis": "z", "origin": [12, 1, 4]},
			"faces": {
				"north": {"uv": [2, 15, 0, 16], "texture": "#0"},
				"east": {"uv": [3, 13, 2, 14], "texture": "#0"},
				"south": {"uv": [4, 15, 2, 16], "texture": "#0"},
				"west": {"uv": [3, 14, 2, 15], "texture": "#0"},
				"up": {"uv": [2, 13, 0, 14], "texture": "#0"},
				"down": {"uv": [2, 14, 0, 15], "texture": "#0"}
			}
		}
	],
	"display": {
		"thirdperson_righthand": {
			"rotation": [-86, 0, 0],
			"translation": [-1, -1.25, -8.5]
		},
		"thirdperson_lefthand": {
			"rotation": [-86, 0, 0],
			"translation": [-5.5, -1.25, -8.5]
		},
		"firstperson_righthand": {
			"rotation": [-3, 0, 0],
			"translation": [0, 6.5, 4.25]
		},
		"firstperson_lefthand": {
			"rotation": [8, 0, 0],
			"translation": [2.75, 2.5, 1]
		},
		"ground": {
			"translation": [0, 4, 0]
		},
		"gui": {
			"rotation": [90, 0, -180],
			"translation": [0, -2.5, 3.5],
			"scale": [1.6, 1.6, 1.6]
		},
		"head": {
			"translation": [0, 8.25, -10.25],
			"scale": [1.3, 1.3, 1.3]
		},
		"fixed": {
			"rotation": [90, 0, -180],
			"translation": [0, -1.5, -11.75],
			"scale": [1.5, 1.5, 1.5]
		},
		"on_shelf": {
			"rotation": [90, 0, 0],
			"translation": [0, -1, 8],
			"scale": [1.5, 1.5, 1.5]
		}
	}
}