{
	"format_version": "1.21.6",
	"credit": "Created by Mickey Joe Alpha - http://YouTube.com/@MushirMickeyJoe",
	"texture_size": [32, 32],
	"textures": {
		"particle": "item/weapons/netherite_sword/customswords/invisible_sword"
	},
	"elements": [
		{
			"name": "orphan_obliterator_0",
			"from": [15, 18, 7.5],
			"to": [18, 21, 8.5],
			"rotation": {"angle": 0, "axis": "y", "origin": [-9, -6, 7.5]},
			"faces": {
				"north": {"uv": [13.5, 2.5, 12, 4], "texture": "#particle"},
				"east": {"uv": [13, 2.5, 13.5, 4], "texture": "#particle"},
				"south": {"uv": [12, 2.5, 13.5, 4], "texture": "#particle"},
				"west": {"uv": [12, 2.5, 12.5, 4], "texture": "#particle"},
				"up": {"uv": [12, 2.5, 13.5, 3], "texture": "#particle"},
				"down": {"uv": [12, 3.5, 13.5, 4], "texture": "#particle"}
			}
		},
		{
			"name": "orphan_obliterator_1",
			"from": [14, 15, 7.5],
			"to": [15, 20, 8.5],
			"rotation": {"angle": 0, "axis": "y", "origin": [-9, -6, 7.5]},
			"faces": {
				"north": {"uv": [12, 3, 11.5, 5.5], "texture": "#particle"},
				"east": {"uv": [11.5, 3, 12, 5.5], "texture": "#particle"},
				"south": {"uv": [11.5, 3, 12, 5.5], "texture": "#particle"},
				"west": {"uv": [11.5, 3, 12, 5.5], "texture": "#particle"},
				"up": {"uv": [11.5, 3, 12, 3.5], "texture": "#particle"},
				"down": {"uv": [11.5, 5, 12, 5.5], "texture": "#particle"}
			}
		},
		{
			"name": "orphan_obliterator_2",
			"from": [13, 14, 7.5],
			"to": [14, 19, 8.5],
			"rotation": {"angle": 0, "axis": "y", "origin": [-9, -6, 7.5]},
			"faces": {
				"north": {"uv": [11.5, 3.5, 11, 6], "texture": "#particle"},
				"east": {"uv": [11, 3.5, 11.5, 6], "texture": "#particle"},
				"south": {"uv": [11, 3.5, 11.5, 6], "texture": "#particle"},
				"west": {"uv": [11, 3.5, 11.5, 6], "texture": "#particle"},
				"up": {"uv": [11, 3.5, 11.5, 4], "texture": "#particle"},
				"down": {"uv": [11, 5.5, 11.5, 6], "texture": "#particle"}
			}
		},
		{
			"name": "orphan_obliterator_3",
			"from": [12, 13, 7.5],
			"to": [13, 18, 8.5],
			"rotation": {"angle": 0, "axis": "y", "origin": [-9, -6, 7.5]},
			"faces": {
				"north": {"uv": [11, 4, 10.5, 6.5], "texture": "#particle"},
				"east": {"uv": [10.5, 4, 11, 6.5], "texture": "#particle"},
				"south": {"uv": [10.5, 4, 11, 6.5], "texture": "#particle"},
				"west": {"uv": [10.5, 4, 11, 6.5], "texture": "#particle"},
				"up": {"uv": [10.5, 4, 11, 4.5], "texture": "#particle"},
				"down": {"uv": [10.5, 6, 11, 6.5], "texture": "#particle"}
			}
		},
		{
			"name": "orphan_obliterator_4",
			"from": [15, 17, 7.5],
			"to": [17, 18, 8.5],
			"rotation": {"angle": 0, "axis": "y", "origin": [-9, -6, 7.5]},
			"faces": {
				"north": {"uv": [13, 4, 12, 4.5], "texture": "#particle"},
				"east": {"uv": [12.5, 4, 13, 4.5], "texture": "#particle"},
				"south": {"uv": [12, 4, 13, 4.5], "texture": "#particle"},
				"down": {"uv": [12, 4, 13, 4.5], "texture": "#particle"}
			}
		},
		{
			"name": "orphan_obliterator_5",
			"from": [11, 12, 7.5],
			"to": [12, 17, 8.5],
			"rotation": {"angle": 0, "axis": "y", "origin": [-9, -6, 7.5]},
			"faces": {
				"north": {"uv": [10.5, 4.5, 10, 7], "texture": "#particle"},
				"east": {"uv": [10, 4.5, 10.5, 7], "texture": "#particle"},
				"south": {"uv": [10, 4.5, 10.5, 7], "texture": "#particle"},
				"west": {"uv": [10, 4.5, 10.5, 7], "texture": "#particle"},
				"up": {"uv": [10, 4.5, 10.5, 5], "texture": "#particle"},
				"down": {"uv": [10, 6.5, 10.5, 7], "texture": "#particle"}
			}
		},
		{
			"name": "orphan_obliterator_6",
			"from": [15, 16, 7.5],
			"to": [16, 17, 8.5],
			"rotation": {"angle": 0, "axis": "y", "origin": [-9, -6, 7.5]},
			"faces": {
				"north": {"uv": [12.5, 4.5, 12, 5], "texture": "#particle"},
				"east": {"uv": [12, 4.5, 12.5, 5], "texture": "#particle"},
				"south": {"uv": [12, 4.5, 12.5, 5], "texture": "#particle"},
				"down": {"uv": [12, 4.5, 12.5, 5], "texture": "#particle"}
			}
		},
		{
			"name": "orphan_obliterator_7",
			"from": [10, 11, 7.5],
			"to": [11, 16, 8.5],
			"rotation": {"angle": 0, "axis": "y", "origin": [-9, -6, 7.5]},
			"faces": {
				"north": {"uv": [10, 5, 9.5, 7.5], "texture": "#particle"},
				"east": {"uv": [9.5, 5, 10, 7.5], "texture": "#particle"},
				"south": {"uv": [9.5, 5, 10, 7.5], "texture": "#particle"},
				"west": {"uv": [9.5, 5, 10, 7.5], "texture": "#particle"},
				"up": {"uv": [9.5, 5, 10, 5.5], "texture": "#particle"},
				"down": {"uv": [9.5, 7, 10, 7.5], "texture": "#particle"}
			}
		},
		{
			"name": "orphan_obliterator_8",
			"from": [9, 10, 7.5],
			"to": [10, 15, 8.5],
			"rotation": {"angle": 0, "axis": "y", "origin": [-9, -6, 7.5]},
			"faces": {
				"north": {"uv": [9.5, 5.5, 9, 8], "texture": "#particle"},
				"east": {"uv": [9, 5.5, 9.5, 8], "texture": "#particle"},
				"south": {"uv": [9, 5.5, 9.5, 8], "texture": "#particle"},
				"west": {"uv": [9, 5.5, 9.5, 8], "texture": "#particle"},
				"up": {"uv": [9, 5.5, 9.5, 6], "texture": "#particle"},
				"down": {"uv": [9, 7.5, 9.5, 8], "texture": "#particle"}
			}
		},
		{
			"name": "orphan_obliterator_9",
			"from": [8, 9, 7.5],
			"to": [9, 14, 8.5],
			"rotation": {"angle": 0, "axis": "y", "origin": [-9, -6, 7.5]},
			"faces": {
				"north": {"uv": [9, 6, 8.5, 8.5], "texture": "#particle"},
				"east": {"uv": [8.5, 6, 9, 8.5], "texture": "#particle"},
				"south": {"uv": [8.5, 6, 9, 8.5], "texture": "#particle"},
				"west": {"uv": [8.5, 6, 9, 8.5], "texture": "#particle"},
				"up": {"uv": [8.5, 6, 9, 6.5], "texture": "#particle"},
				"down": {"uv": [8.5, 8, 9, 8.5], "texture": "#particle"}
			}
		},
		{
			"name": "orphan_obliterator_10",
			"from": [7, 8, 7.5],
			"to": [8, 13, 8.5],
			"rotation": {"angle": 0, "axis": "y", "origin": [-9, -6, 7.5]},
			"faces": {
				"north": {"uv": [8.5, 6.5, 8, 9], "texture": "#particle"},
				"east": {"uv": [8, 6.5, 8.5, 9], "texture": "#particle"},
				"south": {"uv": [8, 6.5, 8.5, 9], "texture": "#particle"},
				"west": {"uv": [8, 6.5, 8.5, 9], "texture": "#particle"},
				"up": {"uv": [8, 6.5, 8.5, 7], "texture": "#particle"},
				"down": {"uv": [8, 8.5, 8.5, 9], "texture": "#particle"}
			}
		},
		{
			"name": "orphan_obliterator_11",
			"from": [1, 10, 7.5],
			"to": [3, 12, 8.5],
			"rotation": {"angle": 0, "axis": "y", "origin": [-9, -6, 7.5]},
			"faces": {
				"north": {"uv": [6, 7, 5, 8], "texture": "#particle"},
				"east": {"uv": [5.5, 7, 6, 8], "texture": "#particle"},
				"south": {"uv": [5, 7, 6, 8], "texture": "#particle"},
				"west": {"uv": [5, 7, 5.5, 8], "texture": "#particle"},
				"up": {"uv": [5, 7, 6, 7.5], "texture": "#particle"},
				"down": {"uv": [5, 7.5, 6, 8], "texture": "#particle"}
			}
		},
		{
			"name": "orphan_obliterator_12",
			"from": [6, 5, 7.5],
			"to": [7, 12, 8.5],
			"rotation": {"angle": 0, "axis": "y", "origin": [-9, -6, 7.5]},
			"faces": {
				"north": {"uv": [8, 7, 7.5, 10.5], "texture": "#particle"},
				"east": {"uv": [7.5, 7, 8, 10.5], "texture": "#particle"},
				"south": {"uv": [7.5, 7, 8, 10.5], "texture": "#particle"},
				"west": {"uv": [7.5, 7, 8, 10.5], "texture": "#particle"},
				"up": {"uv": [7.5, 7, 8, 7.5], "texture": "#particle"},
				"down": {"uv": [7.5, 10, 8, 10.5], "texture": "#particle"}
			}
		},
		{
			"name": "orphan_obliterator_13",
			"from": [3, 5, 7.5],
			"to": [4, 11, 8.5],
			"rotation": {"angle": 0, "axis": "y", "origin": [-9, -6, 7.5]},
			"faces": {
				"north": {"uv": [6.5, 7.5, 6, 10.5], "texture": "#particle"},
				"east": {"uv": [6, 7.5, 6.5, 10.5], "texture": "#particle"},
				"south": {"uv": [6, 7.5, 6.5, 10.5], "texture": "#particle"},
				"west": {"uv": [6, 7.5, 6.5, 10.5], "texture": "#particle"},
				"up": {"uv": [6, 7.5, 6.5, 8], "texture": "#particle"},
				"down": {"uv": [6, 10, 6.5, 10.5], "texture": "#particle"}
			}
		},
		{
			"name": "orphan_obliterator_14",
			"from": [5, 5, 7.5],
			"to": [6, 11, 8.5],
			"rotation": {"angle": 0, "axis": "y", "origin": [-9, -6, 7.5]},
			"faces": {
				"north": {"uv": [7.5, 7.5, 7, 10.5], "texture": "#particle"},
				"south": {"uv": [7, 7.5, 7.5, 10.5], "texture": "#particle"},
				"west": {"uv": [7, 7.5, 7.5, 10.5], "texture": "#particle"},
				"up": {"uv": [7, 7.5, 7.5, 8], "texture": "#particle"},
				"down": {"uv": [7, 10, 7.5, 10.5], "texture": "#particle"}
			}
		},
		{
			"name": "orphan_obliterator_15",
			"from": [2, 8, 7.5],
			"to": [3, 10, 8.5],
			"rotation": {"angle": 0, "axis": "y", "origin": [-9, -6, 7.5]},
			"faces": {
				"north": {"uv": [6, 8, 5.5, 9], "texture": "#particle"},
				"south": {"uv": [5.5, 8, 6, 9], "texture": "#particle"},
				"west": {"uv": [5.5, 8, 6, 9], "texture": "#particle"},
				"down": {"uv": [5.5, 8.5, 6, 9], "texture": "#particle"}
			}
		},
		{
			"name": "orphan_obliterator_16",
			"from": [4, 6, 7.5],
			"to": [5, 10, 8.5],
			"rotation": {"angle": 0, "axis": "y", "origin": [-9, -6, 7.5]},
			"faces": {
				"north": {"uv": [7, 8, 6.5, 10], "texture": "#particle"},
				"south": {"uv": [6.5, 8, 7, 10], "texture": "#particle"},
				"up": {"uv": [6.5, 8, 7, 8.5], "texture": "#particle"},
				"down": {"uv": [6.5, 9.5, 7, 10], "texture": "#particle"}
			}
		},
		{
			"name": "orphan_obliterator_17",
			"from": [2, 4, 7.5],
			"to": [3, 7, 8.5],
			"rotation": {"angle": 0, "axis": "y", "origin": [-9, -6, 7.5]},
			"faces": {
				"north": {"uv": [6, 9.5, 5.5, 11], "texture": "#particle"},
				"east": {"uv": [5.5, 9.5, 6, 11], "texture": "#particle"},
				"south": {"uv": [5.5, 9.5, 6, 11], "texture": "#particle"},
				"west": {"uv": [5.5, 9.5, 6, 11], "texture": "#particle"},
				"up": {"uv": [5.5, 9.5, 6, 10], "texture": "#particle"},
				"down": {"uv": [5.5, 10.5, 6, 11], "texture": "#particle"}
			}
		},
		{
			"name": "orphan_obliterator_18",
			"from": [7, 4, 7.5],
			"to": [8, 7, 8.5],
			"rotation": {"angle": 0, "axis": "y", "origin": [-9, -6, 7.5]},
			"faces": {
				"north": {"uv": [8.5, 9.5, 8, 11], "texture": "#particle"},
				"east": {"uv": [8, 9.5, 8.5, 11], "texture": "#particle"},
				"south": {"uv": [8, 9.5, 8.5, 11], "texture": "#particle"},
				"west": {"uv": [8, 9.5, 8.5, 11], "texture": "#particle"},
				"up": {"uv": [8, 9.5, 8.5, 10], "texture": "#particle"},
				"down": {"uv": [8, 10.5, 8.5, 11], "texture": "#particle"}
			}
		},
		{
			"name": "orphan_obliterator_19",
			"from": [1, 3, 7.5],
			"to": [2, 6, 8.5],
			"rotation": {"angle": 0, "axis": "y", "origin": [-9, -6, 7.5]},
			"faces": {
				"north": {"uv": [5.5, 10, 5, 11.5], "texture": "#particle"},
				"east": {"uv": [5, 10, 5.5, 11.5], "texture": "#particle"},
				"south": {"uv": [5, 10, 5.5, 11.5], "texture": "#particle"},
				"west": {"uv": [5, 10, 5.5, 11.5], "texture": "#particle"},
				"up": {"uv": [5, 10, 5.5, 10.5], "texture": "#particle"},
				"down": {"uv": [5, 11, 5.5, 11.5], "texture": "#particle"}
			}
		},
		{
			"name": "orphan_obliterator_20",
			"from": [8, 4, 7.5],
			"to": [9, 6, 8.5],
			"rotation": {"angle": 0, "axis": "y", "origin": [-9, -6, 7.5]},
			"faces": {
				"north": {"uv": [9, 10, 8.5, 11], "texture": "#particle"},
				"east": {"uv": [8.5, 10, 9, 11], "texture": "#particle"},
				"south": {"uv": [8.5, 10, 9, 11], "texture": "#particle"},
				"up": {"uv": [8.5, 10, 9, 10.5], "texture": "#particle"},
				"down": {"uv": [8.5, 10.5, 9, 11], "texture": "#particle"}
			}
		},
		{
			"name": "orphan_obliterator_21",
			"from": [0, 2, 7.5],
			"to": [1, 5, 8.5],
			"rotation": {"angle": 0, "axis": "y", "origin": [-9, -6, 7.5]},
			"faces": {
				"north": {"uv": [5, 10.5, 4.5, 12], "texture": "#particle"},
				"east": {"uv": [4.5, 10.5, 5, 12], "texture": "#particle"},
				"south": {"uv": [4.5, 10.5, 5, 12], "texture": "#particle"},
				"west": {"uv": [4.5, 10.5, 5, 12], "texture": "#particle"},
				"up": {"uv": [4.5, 10.5, 5, 11], "texture": "#particle"},
				"down": {"uv": [4.5, 11.5, 5, 12], "texture": "#particle"}
			}
		},
		{
			"name": "orphan_obliterator_22",
			"from": [-1, 0, 7.5],
			"to": [0, 4, 8.5],
			"rotation": {"angle": 0, "axis": "y", "origin": [-9, -6, 7.5]},
			"faces": {
				"north": {"uv": [4.5, 11, 4, 13], "texture": "#particle"},
				"east": {"uv": [4, 11, 4.5, 13], "texture": "#particle"},
				"south": {"uv": [4, 11, 4.5, 13], "texture": "#particle"},
				"west": {"uv": [4, 11, 4.5, 13], "texture": "#particle"},
				"up": {"uv": [4, 11, 4.5, 11.5], "texture": "#particle"},
				"down": {"uv": [4, 12.5, 4.5, 13], "texture": "#particle"}
			}
		},
		{
			"name": "orphan_obliterator_23",
			"from": [-3, 0, 7.5],
			"to": [-1, 3, 8.5],
			"rotation": {"angle": 0, "axis": "y", "origin": [-9, -6, 7.5]},
			"faces": {
				"north": {"uv": [4, 11.5, 3, 13], "texture": "#particle"},
				"south": {"uv": [3, 11.5, 4, 13], "texture": "#particle"},
				"west": {"uv": [3, 11.5, 3.5, 13], "texture": "#particle"},
				"up": {"uv": [3, 11.5, 4, 12], "texture": "#particle"},
				"down": {"uv": [3, 12.5, 4, 13], "texture": "#particle"}
			}
		},
		{
			"from": [1.5, 8.5, 6.5],
			"to": [8.5, 11.5, 9.5],
			"rotation": {"angle": -45, "axis": "z", "origin": [5, 8, 8.5]},
			"faces": {
				"north": {"uv": [7.5, 14.5, 11, 16], "texture": "#particle"},
				"east": {"uv": [6, 14.5, 7.5, 16], "texture": "#particle"},
				"south": {"uv": [12.5, 14.5, 16, 16], "texture": "#particle"},
				"west": {"uv": [11, 14.5, 12.5, 16], "texture": "#particle"}
			}
		},
		{
			"from": [8.5, 11.5, 9.5],
			"to": [1.5, 8.5, 6.5],
			"rotation": {"angle": -45, "axis": "z", "origin": [5, 8, 8.5]},
			"faces": {
				"north": {"uv": [12.5, 16, 16, 14.5], "texture": "#particle"},
				"east": {"uv": [11, 16, 12.5, 14.5], "texture": "#particle"},
				"south": {"uv": [7.5, 16, 11, 14.5], "texture": "#particle"},
				"west": {"uv": [6, 16, 7.5, 14.5], "texture": "#particle"}
			}
		}
	],
	"gui_light": "front",
	"display": {
		"thirdperson_righthand": {
			"rotation": [0, -90, 46],
			"translation": [0, 3.5, 3.5],
			"scale": [0.85, 0.85, 0.85]
		},
		"thirdperson_lefthand": {
			"rotation": [0, 90, -46],
			"translation": [0, 3.5, 3.5],
			"scale": [0.85, 0.85, 0.85]
		},
		"firstperson_righthand": {
			"rotation": [0, -100, 25],
			"translation": [3.38, 3.2, 1.13],
			"scale": [0.68, 0.68, 0.68]
		},
		"firstperson_lefthand": {
			"rotation": [0, 80, -25],
			"translation": [3.38, 3.2, 1.13],
			"scale": [0.68, 0.68, 0.68]
		},
		"ground": {
			"translation": [0.25, 3.5, 0],
			"scale": [0.5, 0.5, 0.5]
		},
		"gui": {
			"rotation": [0, -25, -2],
			"translation": [0.3, -1.9, 0],
			"scale": [0.8, 0.8, 0.8]
		},
		"fixed": {
			"rotation": [0, -180, 0],
			"translation": [-0.5, -2.5, -0.75]
		}
	}
}