{
	"format_version": "1.21.6",
	"credit": "Made by BrunoBear",
	"textures": {
		"5": "item/weapons/netherite_sword/customswords/players_dark_soul_sword/blue-ice",
		"6": "item/weapons/netherite_sword/customswords/players_dark_soul_sword/rope_bump",
		"7": "item/weapons/netherite_sword/customswords/players_dark_soul_sword/snimka",
		"8": "item/weapons/netherite_sword/customswords/players_dark_soul_sword/ice"
	},
	"elements": [
		{
			"from": [7.85932, -10.16568, 7.21674],
			"to": [8.10932, 19.681, 7.46674],
			"rotation": {"angle": 0, "axis": "x", "origin": [7.85932, -7.569, 7.21674]},
			"faces": {
				"north": {"uv": [4.82637, 2.05714, 3.58571, 4.6411], "texture": "#8"},
				"east": {"uv": [4.82637, 2.05714, 3.58571, 4.6411], "texture": "#8"},
				"south": {"uv": [4.82637, 2.05714, 3.58571, 4.6411], "texture": "#8"},
				"west": {"uv": [4.82637, 2.05714, 3.58571, 4.6411], "texture": "#8"},
				"up": {"uv": [4.82637, 2.05714, 3.58571, 4.6411], "texture": "#8"},
				"down": {"uv": [4.82637, 2.05714, 3.58571, 4.6411], "texture": "#8"}
			}
		},
		{
			"from": [8.59929, -10.25266, 7.75],
			"to": [9.09929, 14.49734, 8.25],
			"rotation": {"angle": -2.5, "axis": "z", "origin": [8.59929, -20.75266, 7]},
			"faces": {
				"north": {"uv": [4.82637, 2.05714, 3.58571, 4.6411], "texture": "#8"},
				"east": {"uv": [4.82637, 2.05714, 3.58571, 4.6411], "texture": "#8"},
				"south": {"uv": [4.82637, 2.05714, 3.58571, 4.6411], "texture": "#8"},
				"west": {"uv": [4.82637, 2.05714, 3.58571, 4.6411], "texture": "#8"},
				"up": {"uv": [4.82637, 2.05714, 3.58571, 4.6411], "texture": "#8"},
				"down": {"uv": [4.82637, 2.05714, 3.58571, 4.6411], "texture": "#8"}
			}
		},
		{
			"from": [6.90071, -10.25266, 7.75],
			"to": [7.40071, 14.49734, 8.25],
			"rotation": {"angle": 2.5, "axis": "z", "origin": [7.40071, -20.75266, 7]},
			"faces": {
				"north": {"uv": [4.82637, 2.05714, 3.58571, 4.6411], "texture": "#8"},
				"east": {"uv": [4.82637, 2.05714, 3.58571, 4.6411], "texture": "#8"},
				"south": {"uv": [4.82637, 2.05714, 3.58571, 4.6411], "texture": "#8"},
				"west": {"uv": [4.82637, 2.05714, 3.58571, 4.6411], "texture": "#8"},
				"up": {"uv": [4.82637, 2.05714, 3.58571, 4.6411], "texture": "#8"},
				"down": {"uv": [4.82637, 2.05714, 3.58571, 4.6411], "texture": "#8"}
			}
		},
		{
			"from": [7.85932, -10.18747, 8.0323],
			"to": [8.10932, 19.65921, 8.7823],
			"rotation": {"angle": 0, "axis": "x", "origin": [7.85932, -7.59079, 8.5323]},
			"faces": {
				"north": {"uv": [4.82637, 2.05714, 3.58571, 4.6411], "texture": "#8"},
				"east": {"uv": [4.82637, 2.05714, 3.58571, 4.6411], "texture": "#8"},
				"south": {"uv": [4.82637, 2.05714, 3.58571, 4.6411], "texture": "#8"},
				"west": {"uv": [4.82637, 2.05714, 3.58571, 4.6411], "texture": "#8"},
				"up": {"uv": [4.82637, 2.05714, 3.58571, 4.6411], "texture": "#8"},
				"down": {"uv": [4.82637, 2.05714, 3.58571, 4.6411], "texture": "#8"}
			}
		},
		{
			"from": [7.85932, -13.75, 7.5],
			"to": [8.10932, -10.15332, 8.25],
			"rotation": {"angle": -5, "axis": "x", "origin": [7.85932, -13.40332, 7.5]},
			"faces": {
				"north": {"uv": [4.82637, 2.05714, 3.58571, 4.6411], "texture": "#8"},
				"east": {"uv": [4.82637, 2.05714, 3.58571, 4.6411], "texture": "#8"},
				"south": {"uv": [4.82637, 2.05714, 3.58571, 4.6411], "texture": "#8"},
				"west": {"uv": [4.82637, 2.05714, 3.58571, 4.6411], "texture": "#8"},
				"up": {"uv": [4.82637, 2.05714, 3.58571, 4.6411], "texture": "#8"},
				"down": {"uv": [4.82637, 2.05714, 3.58571, 4.6411], "texture": "#8"}
			}
		},
		{
			"from": [7.85932, -16, 7.5],
			"to": [8.10932, -10.15332, 7.75],
			"rotation": {"angle": -5, "axis": "x", "origin": [7.85932, -13.40332, 7.5]},
			"faces": {
				"north": {"uv": [4.82637, 2.05714, 3.58571, 4.6411], "texture": "#8"},
				"east": {"uv": [4.82637, 2.05714, 3.58571, 4.6411], "texture": "#8"},
				"south": {"uv": [4.82637, 2.05714, 3.58571, 4.6411], "texture": "#8"},
				"west": {"uv": [4.82637, 2.05714, 3.58571, 4.6411], "texture": "#8"},
				"up": {"uv": [4.82637, 2.05714, 3.58571, 4.6411], "texture": "#8"},
				"down": {"uv": [4.82637, 2.05714, 3.58571, 4.6411], "texture": "#8"}
			}
		},
		{
			"from": [8.35932, -16, 7.75],
			"to": [8.85932, -10.15332, 8.25],
			"rotation": {"angle": -12.5, "axis": "z", "origin": [8.60932, -13.40332, 8]},
			"faces": {
				"north": {"uv": [4.82637, 2.05714, 3.58571, 4.6411], "texture": "#8"},
				"east": {"uv": [4.82637, 2.05714, 3.58571, 4.6411], "texture": "#8"},
				"south": {"uv": [4.82637, 2.05714, 3.58571, 4.6411], "texture": "#8"},
				"west": {"uv": [4.82637, 2.05714, 3.58571, 4.6411], "texture": "#8"},
				"up": {"uv": [4.82637, 2.05714, 3.58571, 4.6411], "texture": "#8"},
				"down": {"uv": [4.82637, 2.05714, 3.58571, 4.6411], "texture": "#8"}
			}
		},
		{
			"from": [7.14068, -16, 7.75],
			"to": [7.64068, -10.15332, 8.25],
			"rotation": {"angle": 12.5, "axis": "z", "origin": [7.39068, -13.40332, 8]},
			"faces": {
				"north": {"uv": [4.82637, 2.05714, 3.58571, 4.6411], "texture": "#8"},
				"east": {"uv": [4.82637, 2.05714, 3.58571, 4.6411], "texture": "#8"},
				"south": {"uv": [4.82637, 2.05714, 3.58571, 4.6411], "texture": "#8"},
				"west": {"uv": [4.82637, 2.05714, 3.58571, 4.6411], "texture": "#8"},
				"up": {"uv": [4.82637, 2.05714, 3.58571, 4.6411], "texture": "#8"},
				"down": {"uv": [4.82637, 2.05714, 3.58571, 4.6411], "texture": "#8"}
			}
		},
		{
			"from": [7.85932, -14, 7.75],
			"to": [8.10932, -10.15332, 8.5],
			"rotation": {"angle": 5, "axis": "x", "origin": [7.85932, -13.40332, 8.25]},
			"faces": {
				"north": {"uv": [4.82637, 2.05714, 3.58571, 4.6411], "texture": "#8"},
				"east": {"uv": [4.82637, 2.05714, 3.58571, 4.6411], "texture": "#8"},
				"south": {"uv": [4.82637, 2.05714, 3.58571, 4.6411], "texture": "#8"},
				"west": {"uv": [4.82637, 2.05714, 3.58571, 4.6411], "texture": "#8"},
				"up": {"uv": [4.82637, 2.05714, 3.58571, 4.6411], "texture": "#8"},
				"down": {"uv": [4.82637, 2.05714, 3.58571, 4.6411], "texture": "#8"}
			}
		},
		{
			"from": [10.75, 14.75, 7.75],
			"to": [11.25, 18.75, 8.25],
			"rotation": {"angle": 10, "axis": "z", "origin": [11.25, -16.25, 7]},
			"faces": {
				"north": {"uv": [4.82637, 2.05714, 3.58571, 4.6411], "texture": "#8"},
				"east": {"uv": [4.82637, 2.05714, 3.58571, 4.6411], "texture": "#8"},
				"south": {"uv": [4.82637, 2.05714, 3.58571, 4.6411], "texture": "#8"},
				"west": {"uv": [4.82637, 2.05714, 3.58571, 4.6411], "texture": "#8"},
				"up": {"uv": [4.82637, 2.05714, 3.58571, 4.6411], "texture": "#8"},
				"down": {"uv": [4.82637, 2.05714, 3.58571, 4.6411], "texture": "#8"}
			}
		},
		{
			"from": [4.75, 14.75, 7.75],
			"to": [5.25, 18.75, 8.25],
			"rotation": {"angle": -10, "axis": "z", "origin": [4.75, -16.25, 7]},
			"faces": {
				"north": {"uv": [4.82637, 2.05714, 3.58571, 4.6411], "texture": "#8"},
				"east": {"uv": [4.82637, 2.05714, 3.58571, 4.6411], "texture": "#8"},
				"south": {"uv": [4.82637, 2.05714, 3.58571, 4.6411], "texture": "#8"},
				"west": {"uv": [4.82637, 2.05714, 3.58571, 4.6411], "texture": "#8"},
				"up": {"uv": [4.82637, 2.05714, 3.58571, 4.6411], "texture": "#8"},
				"down": {"uv": [4.82637, 2.05714, 3.58571, 4.6411], "texture": "#8"}
			}
		},
		{
			"from": [7.85932, -16, 8.25],
			"to": [8.10932, -10.15332, 8.5],
			"rotation": {"angle": 5, "axis": "x", "origin": [7.85932, -13.40332, 8.25]},
			"faces": {
				"north": {"uv": [4.82637, 2.05714, 3.58571, 4.6411], "texture": "#8"},
				"east": {"uv": [4.82637, 2.05714, 3.58571, 4.6411], "texture": "#8"},
				"south": {"uv": [4.82637, 2.05714, 3.58571, 4.6411], "texture": "#8"},
				"west": {"uv": [4.82637, 2.05714, 3.58571, 4.6411], "texture": "#8"},
				"up": {"uv": [4.82637, 2.05714, 3.58571, 4.6411], "texture": "#8"},
				"down": {"uv": [4.82637, 2.05714, 3.58571, 4.6411], "texture": "#8"}
			}
		},
		{
			"from": [6.85732, -10.16768, 7.46474],
			"to": [9.11132, 19.683, 8.46874],
			"rotation": {"angle": 0, "axis": "x", "origin": [7.85932, -7.569, 7.46674]},
			"faces": {
				"north": {"uv": [0, 0, 0.315, 6.84], "texture": "#5"},
				"east": {"uv": [0, 0, 0.315, 6.84], "texture": "#5"},
				"south": {"uv": [0, 0, 0.315, 6.84], "texture": "#5"},
				"west": {"uv": [0, 0, 0.315, 6.84], "texture": "#5"},
				"up": {"uv": [0, 0, 0.315, 6.84], "texture": "#5"},
				"down": {"uv": [0, 0, 0.315, 6.84], "texture": "#5"}
			}
		},
		{
			"from": [7.60832, -10.16668, 7.46574],
			"to": [9.36032, 19.682, 8.46774],
			"rotation": {"angle": -2.5, "axis": "z", "origin": [7.85932, -7.569, 7.46674]},
			"faces": {
				"north": {"uv": [0, 0, 0.315, 6.84], "texture": "#5"},
				"east": {"uv": [0, 0, 0.315, 6.84], "texture": "#5"},
				"south": {"uv": [0, 0, 0.315, 6.84], "texture": "#5"},
				"west": {"uv": [0, 0, 0.315, 6.84], "texture": "#5"},
				"up": {"uv": [0, 0, 0.315, 6.84], "texture": "#5"},
				"down": {"uv": [0, 0, 0.315, 6.84], "texture": "#5"}
			}
		},
		{
			"from": [7.35832, -14.001, 7.71574],
			"to": [8.61032, -9.568, 8.21774],
			"rotation": {"angle": 0, "axis": "z", "origin": [7.85932, -7.069, 7.46674]},
			"faces": {
				"north": {"uv": [0, 0, 0.315, 6.84], "texture": "#5"},
				"east": {"uv": [0, 0, 0.315, 6.84], "texture": "#5"},
				"south": {"uv": [0, 0, 0.315, 6.84], "texture": "#5"},
				"west": {"uv": [0, 0, 0.315, 6.84], "texture": "#5"},
				"up": {"uv": [0, 0, 0.315, 6.84], "texture": "#5"},
				"down": {"uv": [0, 0, 0.315, 6.84], "texture": "#5"}
			}
		},
		{
			"from": [9.10932, -12.5, 7.71674],
			"to": [9.85932, -9.569, 8.21674],
			"rotation": {"angle": -12.5, "axis": "z", "origin": [9.10932, -7.069, 7.46674]},
			"faces": {
				"north": {"uv": [0, 0, 0.315, 6.84], "texture": "#5"},
				"east": {"uv": [0, 0, 0.315, 6.84], "texture": "#5"},
				"south": {"uv": [0, 0, 0.315, 6.84], "texture": "#5"},
				"west": {"uv": [0, 0, 0.315, 6.84], "texture": "#5"},
				"up": {"uv": [0, 0, 0.315, 6.84], "texture": "#5"},
				"down": {"uv": [0, 0, 0.315, 6.84], "texture": "#5"}
			}
		},
		{
			"from": [6.10932, -12.5, 7.71674],
			"to": [6.85932, -9.569, 8.21674],
			"rotation": {"angle": 12.5, "axis": "z", "origin": [6.10932, -7.069, 7.46674]},
			"faces": {
				"north": {"uv": [0, 0, 0.315, 6.84], "texture": "#5"},
				"east": {"uv": [0, 0, 0.315, 6.84], "texture": "#5"},
				"south": {"uv": [0, 0, 0.315, 6.84], "texture": "#5"},
				"west": {"uv": [0, 0, 0.315, 6.84], "texture": "#5"},
				"up": {"uv": [0, 0, 0.315, 6.84], "texture": "#5"},
				"down": {"uv": [0, 0, 0.315, 6.84], "texture": "#5"}
			}
		},
		{
			"from": [7.60932, -14.75, 7.71674],
			"to": [8.35932, -13.819, 8.21674],
			"rotation": {"angle": 0, "axis": "z", "origin": [7.85932, -7.069, 7.46674]},
			"faces": {
				"north": {"uv": [0, 0, 0.315, 6.84], "texture": "#5"},
				"east": {"uv": [0, 0, 0.315, 6.84], "texture": "#5"},
				"south": {"uv": [0, 0, 0.315, 6.84], "texture": "#5"},
				"west": {"uv": [0, 0, 0.315, 6.84], "texture": "#5"},
				"up": {"uv": [0, 0, 0.315, 6.84], "texture": "#5"},
				"down": {"uv": [0, 0, 0.315, 6.84], "texture": "#5"}
			}
		},
		{
			"from": [5.85632, 15.83132, 7.46374],
			"to": [6.36232, 18.684, 8.46974],
			"rotation": {"angle": -10, "axis": "z", "origin": [4.85932, -7.569, 7.46674]},
			"faces": {
				"north": {"uv": [0, 0, 0.315, 6.84], "texture": "#5"},
				"east": {"uv": [0, 0, 0.315, 6.84], "texture": "#5"},
				"south": {"uv": [0, 0, 0.315, 6.84], "texture": "#5"},
				"west": {"uv": [0, 0, 0.315, 6.84], "texture": "#5"},
				"up": {"uv": [0, 0, 0.315, 6.84], "texture": "#5"},
				"down": {"uv": [0, 0, 0.315, 6.84], "texture": "#5"}
			}
		},
		{
			"from": [9.60632, 15.83132, 7.46374],
			"to": [10.11232, 18.684, 8.46974],
			"rotation": {"angle": 10, "axis": "z", "origin": [8.60932, -7.569, 7.46674]},
			"faces": {
				"north": {"uv": [0, 0, 0.315, 6.84], "texture": "#5"},
				"east": {"uv": [0, 0, 0.315, 6.84], "texture": "#5"},
				"south": {"uv": [0, 0, 0.315, 6.84], "texture": "#5"},
				"west": {"uv": [0, 0, 0.315, 6.84], "texture": "#5"},
				"up": {"uv": [0, 0, 0.315, 6.84], "texture": "#5"},
				"down": {"uv": [0, 0, 0.315, 6.84], "texture": "#5"}
			}
		},
		{
			"from": [6.60932, -10.16568, 7.46674],
			"to": [8.35932, 19.681, 8.46674],
			"rotation": {"angle": 2.5, "axis": "z", "origin": [6.85932, -7.569, 7.46674]},
			"faces": {
				"north": {"uv": [0, 0, 0.315, 6.84], "texture": "#5"},
				"east": {"uv": [0, 0, 0.315, 6.84], "texture": "#5"},
				"south": {"uv": [0, 0, 0.315, 6.84], "texture": "#5"},
				"west": {"uv": [0, 0, 0.315, 6.84], "texture": "#5"},
				"up": {"uv": [0, 0, 0.315, 6.84], "texture": "#5"},
				"down": {"uv": [0, 0, 0.315, 6.84], "texture": "#5"}
			}
		},
		{
			"from": [7.25, 22, 7.25],
			"to": [8.75, 22.5, 8.75],
			"rotation": {"angle": -5, "axis": "y", "origin": [8, 22.75, 8]},
			"faces": {
				"north": {"uv": [0, 0, 0.26687, 0.04271], "texture": "#6"},
				"east": {"uv": [0, 0, 0.26687, 0.04271], "texture": "#6"},
				"south": {"uv": [0, 0, 0.26687, 0.04271], "texture": "#6"},
				"west": {"uv": [0, 0, 0.26687, 0.04271], "texture": "#6"},
				"up": {"uv": [0, 0, 0.26687, 0.12813], "texture": "#6"},
				"down": {"uv": [0, 0, 0.26687, 0.12813], "texture": "#6"}
			}
		},
		{
			"from": [7.25, 22.5, 7.25],
			"to": [8.75, 23, 8.75],
			"rotation": {"angle": -10, "axis": "y", "origin": [8, 23.25, 8]},
			"faces": {
				"north": {"uv": [0, 0, 0.26687, 0.04271], "texture": "#6"},
				"east": {"uv": [0, 0, 0.26687, 0.04271], "texture": "#6"},
				"south": {"uv": [0, 0, 0.26687, 0.04271], "texture": "#6"},
				"west": {"uv": [0, 0, 0.26687, 0.04271], "texture": "#6"},
				"up": {"uv": [0, 0, 0.26687, 0.12813], "texture": "#6"},
				"down": {"uv": [0, 0, 0.26687, 0.12813], "texture": "#6"}
			}
		},
		{
			"from": [7.25, 23, 7.25],
			"to": [8.75, 23.5, 8.75],
			"rotation": {"angle": -15, "axis": "y", "origin": [8, 23.75, 8]},
			"faces": {
				"north": {"uv": [0, 0, 0.26687, 0.04271], "texture": "#6"},
				"east": {"uv": [0, 0, 0.26687, 0.04271], "texture": "#6"},
				"south": {"uv": [0, 0, 0.26687, 0.04271], "texture": "#6"},
				"west": {"uv": [0, 0, 0.26687, 0.04271], "texture": "#6"},
				"up": {"uv": [0, 0, 0.26687, 0.12813], "texture": "#6"},
				"down": {"uv": [0, 0, 0.26687, 0.12813], "texture": "#6"}
			}
		},
		{
			"from": [7.25, 23.5, 7.25],
			"to": [8.75, 24, 8.75],
			"rotation": {"angle": -20, "axis": "y", "origin": [8, 24.25, 8]},
			"faces": {
				"north": {"uv": [0, 0, 0.26687, 0.04271], "texture": "#6"},
				"east": {"uv": [0, 0, 0.26687, 0.04271], "texture": "#6"},
				"south": {"uv": [0, 0, 0.26687, 0.04271], "texture": "#6"},
				"west": {"uv": [0, 0, 0.26687, 0.04271], "texture": "#6"},
				"up": {"uv": [0, 0, 0.26687, 0.12813], "texture": "#6"},
				"down": {"uv": [0, 0, 0.26687, 0.12813], "texture": "#6"}
			}
		},
		{
			"from": [7.25, 24, 7.25],
			"to": [8.75, 24.5, 8.75],
			"rotation": {"angle": -25, "axis": "y", "origin": [8, 24.75, 8]},
			"faces": {
				"north": {"uv": [0, 0, 0.26687, 0.04271], "texture": "#6"},
				"east": {"uv": [0, 0, 0.26687, 0.04271], "texture": "#6"},
				"south": {"uv": [0, 0, 0.26687, 0.04271], "texture": "#6"},
				"west": {"uv": [0, 0, 0.26687, 0.04271], "texture": "#6"},
				"up": {"uv": [0, 0, 0.26687, 0.12813], "texture": "#6"},
				"down": {"uv": [0, 0, 0.26687, 0.12813], "texture": "#6"}
			}
		},
		{
			"from": [7.25, 24.5, 7.25],
			"to": [8.75, 25, 8.75],
			"rotation": {"angle": -30, "axis": "y", "origin": [8, 25.25, 8]},
			"faces": {
				"north": {"uv": [0, 0, 0.26687, 0.04271], "texture": "#6"},
				"east": {"uv": [0, 0, 0.26687, 0.04271], "texture": "#6"},
				"south": {"uv": [0, 0, 0.26687, 0.04271], "texture": "#6"},
				"west": {"uv": [0, 0, 0.26687, 0.04271], "texture": "#6"},
				"up": {"uv": [0, 0, 0.26687, 0.12813], "texture": "#6"},
				"down": {"uv": [0, 0, 0.26687, 0.12813], "texture": "#6"}
			}
		},
		{
			"from": [7.25, 25, 7.25],
			"to": [8.75, 25.5, 8.75],
			"rotation": {"angle": -35, "axis": "y", "origin": [8, 25.75, 8]},
			"faces": {
				"north": {"uv": [0, 0, 0.26687, 0.04271], "texture": "#6"},
				"east": {"uv": [0, 0, 0.26687, 0.04271], "texture": "#6"},
				"south": {"uv": [0, 0, 0.26687, 0.04271], "texture": "#6"},
				"west": {"uv": [0, 0, 0.26687, 0.04271], "texture": "#6"},
				"up": {"uv": [0, 0, 0.26687, 0.12813], "texture": "#6"},
				"down": {"uv": [0, 0, 0.26687, 0.12813], "texture": "#6"}
			}
		},
		{
			"from": [7.25, 25.5, 7.25],
			"to": [8.75, 26, 8.75],
			"rotation": {"angle": -40, "axis": "y", "origin": [8, 26.25, 8]},
			"faces": {
				"north": {"uv": [0, 0, 0.26687, 0.04271], "texture": "#6"},
				"east": {"uv": [0, 0, 0.26687, 0.04271], "texture": "#6"},
				"south": {"uv": [0, 0, 0.26687, 0.04271], "texture": "#6"},
				"west": {"uv": [0, 0, 0.26687, 0.04271], "texture": "#6"},
				"up": {"uv": [0, 0, 0.26687, 0.12813], "texture": "#6"},
				"down": {"uv": [0, 0, 0.26687, 0.12813], "texture": "#6"}
			}
		},
		{
			"from": [7.25, 26, 7.25],
			"to": [8.75, 26.5, 8.75],
			"rotation": {"angle": -45, "axis": "y", "origin": [8, 26.75, 8]},
			"faces": {
				"north": {"uv": [0, 0, 0.26687, 0.04271], "texture": "#6"},
				"east": {"uv": [0, 0, 0.26687, 0.04271], "texture": "#6"},
				"south": {"uv": [0, 0, 0.26687, 0.04271], "texture": "#6"},
				"west": {"uv": [0, 0, 0.26687, 0.04271], "texture": "#6"},
				"up": {"uv": [0, 0, 0.26687, 0.12813], "texture": "#6"},
				"down": {"uv": [0, 0, 0.26687, 0.12813], "texture": "#6"}
			}
		},
		{
			"from": [7.25, 26.5, 7.25],
			"to": [8.75, 27, 8.75],
			"rotation": {"angle": 40, "axis": "y", "origin": [8, 27.25, 8]},
			"faces": {
				"north": {"uv": [0, 0, 0.26687, 0.04271], "texture": "#6"},
				"east": {"uv": [0, 0, 0.26687, 0.04271], "texture": "#6"},
				"south": {"uv": [0, 0, 0.26687, 0.04271], "texture": "#6"},
				"west": {"uv": [0, 0, 0.26687, 0.04271], "texture": "#6"},
				"up": {"uv": [0, 0, 0.26687, 0.12813], "rotation": 90, "texture": "#6"},
				"down": {"uv": [0, 0, 0.26687, 0.12813], "rotation": 270, "texture": "#6"}
			}
		},
		{
			"from": [7.25, 27, 7.25],
			"to": [8.75, 27.5, 8.75],
			"rotation": {"angle": 35, "axis": "y", "origin": [8, 27.75, 8]},
			"faces": {
				"north": {"uv": [0, 0, 0.26687, 0.04271], "texture": "#6"},
				"east": {"uv": [0, 0, 0.26687, 0.04271], "texture": "#6"},
				"south": {"uv": [0, 0, 0.26687, 0.04271], "texture": "#6"},
				"west": {"uv": [0, 0, 0.26687, 0.04271], "texture": "#6"},
				"up": {"uv": [0, 0, 0.26687, 0.12813], "rotation": 90, "texture": "#6"},
				"down": {"uv": [0, 0, 0.26687, 0.12813], "rotation": 270, "texture": "#6"}
			}
		},
		{
			"from": [7.25, 27.5, 7.25],
			"to": [8.75, 28, 8.75],
			"rotation": {"angle": 30, "axis": "y", "origin": [8, 28.25, 8]},
			"faces": {
				"north": {"uv": [0, 0, 0.26687, 0.04271], "texture": "#6"},
				"east": {"uv": [0, 0, 0.26687, 0.04271], "texture": "#6"},
				"south": {"uv": [0, 0, 0.26687, 0.04271], "texture": "#6"},
				"west": {"uv": [0, 0, 0.26687, 0.04271], "texture": "#6"},
				"up": {"uv": [0, 0, 0.26687, 0.12813], "rotation": 90, "texture": "#6"},
				"down": {"uv": [0, 0, 0.26687, 0.12813], "rotation": 270, "texture": "#6"}
			}
		},
		{
			"from": [7.25, 28, 7.25],
			"to": [8.75, 28.5, 8.75],
			"rotation": {"angle": 25, "axis": "y", "origin": [8, 28.75, 8]},
			"faces": {
				"north": {"uv": [0, 0, 0.26687, 0.04271], "texture": "#6"},
				"east": {"uv": [0, 0, 0.26687, 0.04271], "texture": "#6"},
				"south": {"uv": [0, 0, 0.26687, 0.04271], "texture": "#6"},
				"west": {"uv": [0, 0, 0.26687, 0.04271], "texture": "#6"},
				"up": {"uv": [0, 0, 0.26687, 0.12813], "rotation": 90, "texture": "#6"},
				"down": {"uv": [0, 0, 0.26687, 0.12813], "rotation": 270, "texture": "#6"}
			}
		},
		{
			"from": [7.25, 28.5, 7.25],
			"to": [8.75, 29, 8.75],
			"rotation": {"angle": 20, "axis": "y", "origin": [8, 29.25, 8]},
			"faces": {
				"north": {"uv": [0, 0, 0.26687, 0.04271], "texture": "#6"},
				"east": {"uv": [0, 0, 0.26687, 0.04271], "texture": "#6"},
				"south": {"uv": [0, 0, 0.26687, 0.04271], "texture": "#6"},
				"west": {"uv": [0, 0, 0.26687, 0.04271], "texture": "#6"},
				"up": {"uv": [0, 0, 0.26687, 0.12813], "rotation": 90, "texture": "#6"},
				"down": {"uv": [0, 0, 0.26687, 0.12813], "rotation": 270, "texture": "#6"}
			}
		},
		{
			"from": [7.25, 29, 7.25],
			"to": [8.75, 29.5, 8.75],
			"rotation": {"angle": 15, "axis": "y", "origin": [8, 29.75, 8]},
			"faces": {
				"north": {"uv": [0, 0, 0.26687, 0.04271], "texture": "#6"},
				"east": {"uv": [0, 0, 0.26687, 0.04271], "texture": "#6"},
				"south": {"uv": [0, 0, 0.26687, 0.04271], "texture": "#6"},
				"west": {"uv": [0, 0, 0.26687, 0.04271], "texture": "#6"},
				"up": {"uv": [0, 0, 0.26687, 0.12813], "rotation": 90, "texture": "#6"},
				"down": {"uv": [0, 0, 0.26687, 0.12813], "rotation": 270, "texture": "#6"}
			}
		},
		{
			"from": [7.25, 29.5, 7.25],
			"to": [8.75, 30, 8.75],
			"rotation": {"angle": 10, "axis": "y", "origin": [8, 30.25, 8]},
			"faces": {
				"north": {"uv": [0, 0, 0.26687, 0.04271], "texture": "#6"},
				"east": {"uv": [0, 0, 0.26687, 0.04271], "texture": "#6"},
				"south": {"uv": [0, 0, 0.26687, 0.04271], "texture": "#6"},
				"west": {"uv": [0, 0, 0.26687, 0.04271], "texture": "#6"},
				"up": {"uv": [0, 0, 0.26687, 0.12813], "rotation": 90, "texture": "#6"},
				"down": {"uv": [0, 0, 0.26687, 0.12813], "rotation": 270, "texture": "#6"}
			}
		},
		{
			"from": [7.25, 30, 7.25],
			"to": [8.75, 30.5, 8.75],
			"rotation": {"angle": 5, "axis": "y", "origin": [8, 30.75, 8]},
			"faces": {
				"north": {"uv": [0, 0, 0.26687, 0.04271], "texture": "#6"},
				"east": {"uv": [0, 0, 0.26687, 0.04271], "texture": "#6"},
				"south": {"uv": [0, 0, 0.26687, 0.04271], "texture": "#6"},
				"west": {"uv": [0, 0, 0.26687, 0.04271], "texture": "#6"},
				"up": {"uv": [0, 0, 0.26687, 0.12813], "rotation": 90, "texture": "#6"},
				"down": {"uv": [0, 0, 0.26687, 0.12813], "rotation": 270, "texture": "#6"}
			}
		},
		{
			"from": [7.30141, 17.78945, 6.75],
			"to": [7.55141, 21.03945, 9.25],
			"rotation": {"angle": 7.5, "axis": "z", "origin": [7.30141, 18.78945, 8]},
			"faces": {
				"north": {"uv": [0.04448, 0, 0.08896, 0.27761], "texture": "#6"},
				"east": {"uv": [0.44479, 0, 0.88957, 0.27761], "texture": "#6"},
				"south": {"uv": [0.04448, 0, 0.08896, 0.27761], "texture": "#6"},
				"west": {"uv": [0.44479, 0, 0.88957, 0.27761], "texture": "#6"},
				"up": {"uv": [0.04448, 0, 0.08896, 0.21354], "texture": "#6"},
				"down": {"uv": [0.04448, 0, 0.08896, 0.21354], "texture": "#6"}
			}
		},
		{
			"from": [12.69859, 18.03945, 6.75],
			"to": [12.94859, 20.53945, 9.25],
			"rotation": {"angle": 25, "axis": "z", "origin": [12.94859, 19.28945, 8]},
			"faces": {
				"north": {"uv": [0, 0, 0.04448, 0.21354], "texture": "#6"},
				"east": {"uv": [0, 0, 0.44479, 0.21354], "texture": "#6"},
				"south": {"uv": [0, 0, 0.04448, 0.21354], "texture": "#6"},
				"west": {"uv": [0, 0, 0.44479, 0.21354], "texture": "#6"},
				"up": {"uv": [0, 0, 0.04448, 0.21354], "texture": "#6"},
				"down": {"uv": [0, 0, 0.04448, 0.21354], "texture": "#6"}
			}
		},
		{
			"from": [13.44859, 18.28945, 6.75],
			"to": [13.69859, 20.78945, 9.25],
			"rotation": {"angle": 0, "axis": "z", "origin": [13.44859, 19.53945, 8]},
			"faces": {
				"north": {"uv": [0, 0, 0.04448, 0.21354], "texture": "#6"},
				"east": {"uv": [0, 0, 0.44479, 0.21354], "texture": "#6"},
				"south": {"uv": [0, 0, 0.04448, 0.21354], "texture": "#6"},
				"west": {"uv": [0, 0, 0.44479, 0.21354], "texture": "#6"},
				"up": {"uv": [0, 0, 0.04448, 0.21354], "texture": "#6"},
				"down": {"uv": [0, 0, 0.04448, 0.21354], "texture": "#6"}
			}
		},
		{
			"from": [10.94859, 17.53945, 6.75],
			"to": [11.19859, 20.28945, 9.25],
			"rotation": {"angle": 25, "axis": "z", "origin": [11.19859, 18.78945, 8]},
			"faces": {
				"north": {"uv": [0, 0, 0.04448, 0.2349], "texture": "#6"},
				"east": {"uv": [0, 0, 0.44479, 0.2349], "texture": "#6"},
				"south": {"uv": [0, 0, 0.04448, 0.2349], "texture": "#6"},
				"west": {"uv": [0, 0, 0.44479, 0.2349], "texture": "#6"},
				"up": {"uv": [0, 0, 0.04448, 0.21354], "texture": "#6"},
				"down": {"uv": [0, 0, 0.04448, 0.21354], "texture": "#6"}
			}
		},
		{
			"from": [8.44859, 19.53945, 6.75],
			"to": [14.19859, 19.78945, 9.25],
			"rotation": {"angle": 7.5, "axis": "z", "origin": [11.19859, 19.28945, 8]},
			"faces": {
				"north": {"uv": [0, 0, 0.04448, 0.49115], "rotation": 90, "texture": "#6"},
				"east": {"uv": [0, 0, 0.04448, 0.21354], "rotation": 270, "texture": "#6"},
				"south": {"uv": [0, 0, 0.04448, 0.49115], "rotation": 270, "texture": "#6"},
				"west": {"uv": [0, 0, 0.04448, 0.21354], "rotation": 270, "texture": "#6"},
				"up": {"uv": [0, 0, 0.44479, 0.49115], "rotation": 270, "texture": "#6"},
				"down": {"uv": [0, 0, 0.44479, 0.49115], "rotation": 270, "texture": "#6"}
			}
		},
		{
			"from": [1.44859, 18.78945, 6.75],
			"to": [14.44859, 19.03945, 9.25],
			"rotation": {"angle": 0, "axis": "z", "origin": [11.19859, 18.28945, 8]},
			"faces": {
				"north": {"uv": [0, 0, 0.04448, 1.11043], "rotation": 90, "texture": "#6"},
				"east": {"uv": [0, 0, 0.04448, 0.21354], "rotation": 270, "texture": "#6"},
				"south": {"uv": [0, 0, 0.04448, 1.11043], "rotation": 270, "texture": "#6"},
				"west": {"uv": [0, 0, 0.04448, 0.21354], "rotation": 270, "texture": "#6"},
				"up": {"uv": [0, 0, 0.44479, 1.11043], "rotation": 270, "texture": "#6"},
				"down": {"uv": [0, 0, 0.44479, 1.11043], "rotation": 270, "texture": "#6"}
			}
		},
		{
			"from": [8.94859, 17.78945, 6.75],
			"to": [9.19859, 20.53945, 9.25],
			"rotation": {"angle": -15, "axis": "z", "origin": [9.44859, 18.78945, 8]},
			"faces": {
				"north": {"uv": [0, 0, 0.04448, 0.2349], "texture": "#6"},
				"east": {"uv": [0, 0, 0.44479, 0.2349], "texture": "#6"},
				"south": {"uv": [0, 0, 0.04448, 0.2349], "texture": "#6"},
				"west": {"uv": [0, 0, 0.44479, 0.2349], "texture": "#6"},
				"up": {"uv": [0, 0, 0.04448, 0.21354], "texture": "#6"},
				"down": {"uv": [0, 0, 0.04448, 0.21354], "texture": "#6"}
			}
		},
		{
			"from": [9.94859, 17.78945, 6.75],
			"to": [10.19859, 20.28945, 9.25],
			"rotation": {"angle": -5, "axis": "z", "origin": [10.19859, 18.78945, 8]},
			"faces": {
				"north": {"uv": [0, 0, 0.04448, 0.21354], "texture": "#6"},
				"east": {"uv": [0, 0, 0.44479, 0.21354], "texture": "#6"},
				"south": {"uv": [0, 0, 0.04448, 0.21354], "texture": "#6"},
				"west": {"uv": [0, 0, 0.44479, 0.21354], "texture": "#6"},
				"up": {"uv": [0, 0, 0.04448, 0.21354], "texture": "#6"},
				"down": {"uv": [0, 0, 0.04448, 0.21354], "texture": "#6"}
			}
		},
		{
			"from": [8.19859, 17.78945, 6.75],
			"to": [8.44859, 21.03945, 9.25],
			"rotation": {"angle": -15, "axis": "z", "origin": [8.44859, 18.78945, 8]},
			"faces": {
				"north": {"uv": [0, 0, 0.04448, 0.27761], "texture": "#6"},
				"east": {"uv": [0, 0, 0.44479, 0.27761], "texture": "#6"},
				"south": {"uv": [0, 0, 0.04448, 0.27761], "texture": "#6"},
				"west": {"uv": [0, 0, 0.44479, 0.27761], "texture": "#6"},
				"up": {"uv": [0, 0, 0.04448, 0.21354], "texture": "#6"},
				"down": {"uv": [0, 0, 0.04448, 0.21354], "texture": "#6"}
			}
		},
		{
			"from": [11.94859, 17.78945, 6.75],
			"to": [12.19859, 20.28945, 9.25],
			"rotation": {"angle": 0, "axis": "z", "origin": [11.94859, 19.03945, 8]},
			"faces": {
				"north": {"uv": [0, 0, 0.04448, 0.21354], "texture": "#6"},
				"east": {"uv": [0, 0, 0.44479, 0.21354], "texture": "#6"},
				"south": {"uv": [0, 0, 0.04448, 0.21354], "texture": "#6"},
				"west": {"uv": [0, 0, 0.44479, 0.21354], "texture": "#6"},
				"up": {"uv": [0, 0, 0.04448, 0.21354], "texture": "#6"},
				"down": {"uv": [0, 0, 0.04448, 0.21354], "texture": "#6"}
			}
		},
		{
			"from": [3.80141, 17.78945, 6.75],
			"to": [4.05141, 20.28945, 9.25],
			"rotation": {"angle": 0, "axis": "z", "origin": [4.05141, 19.03945, 8]},
			"faces": {
				"north": {"uv": [0.04448, 0, 0.08896, 0.21354], "texture": "#6"},
				"east": {"uv": [0.44479, 0, 0.88957, 0.21354], "texture": "#6"},
				"south": {"uv": [0.04448, 0, 0.08896, 0.21354], "texture": "#6"},
				"west": {"uv": [0.44479, 0, 0.88957, 0.21354], "texture": "#6"},
				"up": {"uv": [0.04448, 0, 0.08896, 0.21354], "texture": "#6"},
				"down": {"uv": [0.04448, 0, 0.08896, 0.21354], "texture": "#6"}
			}
		},
		{
			"from": [3.05141, 18.03945, 6.75],
			"to": [3.30141, 20.53945, 9.25],
			"rotation": {"angle": -25, "axis": "z", "origin": [3.05141, 19.28945, 8]},
			"faces": {
				"north": {"uv": [0.04448, 0, 0.08896, 0.21354], "texture": "#6"},
				"east": {"uv": [0.44479, 0, 0.88957, 0.21354], "texture": "#6"},
				"south": {"uv": [0.04448, 0, 0.08896, 0.21354], "texture": "#6"},
				"west": {"uv": [0.44479, 0, 0.88957, 0.21354], "texture": "#6"},
				"up": {"uv": [0.04448, 0, 0.08896, 0.21354], "texture": "#6"},
				"down": {"uv": [0.04448, 0, 0.08896, 0.21354], "texture": "#6"}
			}
		},
		{
			"from": [2.30141, 18.28945, 6.75],
			"to": [2.55141, 20.78945, 9.25],
			"rotation": {"angle": 0, "axis": "z", "origin": [2.55141, 19.53945, 8]},
			"faces": {
				"north": {"uv": [0.04448, 0, 0.08896, 0.21354], "texture": "#6"},
				"east": {"uv": [0.44479, 0, 0.88957, 0.21354], "texture": "#6"},
				"south": {"uv": [0.04448, 0, 0.08896, 0.21354], "texture": "#6"},
				"west": {"uv": [0.44479, 0, 0.88957, 0.21354], "texture": "#6"},
				"up": {"uv": [0.04448, 0, 0.08896, 0.21354], "texture": "#6"},
				"down": {"uv": [0.04448, 0, 0.08896, 0.21354], "texture": "#6"}
			}
		},
		{
			"from": [4.80141, 17.78945, 6.75],
			"to": [5.05141, 20.28945, 9.25],
			"rotation": {"angle": -15, "axis": "z", "origin": [4.80141, 18.78945, 8]},
			"faces": {
				"north": {"uv": [0.04448, 0, 0.08896, 0.21354], "texture": "#6"},
				"east": {"uv": [0.44479, 0, 0.88957, 0.21354], "texture": "#6"},
				"south": {"uv": [0.04448, 0, 0.08896, 0.21354], "texture": "#6"},
				"west": {"uv": [0.44479, 0, 0.88957, 0.21354], "texture": "#6"},
				"up": {"uv": [0.04448, 0, 0.08896, 0.21354], "texture": "#6"},
				"down": {"uv": [0.04448, 0, 0.08896, 0.21354], "texture": "#6"}
			}
		},
		{
			"from": [1.80141, 19.53945, 6.75],
			"to": [8.30141, 19.78945, 9.25],
			"rotation": {"angle": -7.5, "axis": "z", "origin": [4.80141, 19.28945, 8]},
			"faces": {
				"north": {"uv": [0, 0.49115, 0.04448, 1.04637], "rotation": 90, "texture": "#6"},
				"east": {"uv": [0, 0.21354, 0.04448, 0.42709], "rotation": 270, "texture": "#6"},
				"south": {"uv": [0, 0.49115, 0.04448, 1.04637], "rotation": 270, "texture": "#6"},
				"west": {"uv": [0, 0.21354, 0.04448, 0.42709], "rotation": 270, "texture": "#6"},
				"up": {"uv": [0, 0.49115, 0.44479, 1.04637], "rotation": 270, "texture": "#6"},
				"down": {"uv": [0, 0.49115, 0.44479, 1.04637], "rotation": 270, "texture": "#6"}
			}
		},
		{
			"from": [6.30141, 17.78945, 6.75],
			"to": [6.55141, 20.78945, 9.25],
			"rotation": {"angle": -5, "axis": "z", "origin": [6.30141, 18.78945, 8]},
			"faces": {
				"north": {"uv": [0.04448, 0, 0.08896, 0.25625], "texture": "#6"},
				"east": {"uv": [0.44479, 0, 0.88957, 0.25625], "texture": "#6"},
				"south": {"uv": [0.04448, 0, 0.08896, 0.25625], "texture": "#6"},
				"west": {"uv": [0.44479, 0, 0.88957, 0.25625], "texture": "#6"},
				"up": {"uv": [0.04448, 0, 0.08896, 0.21354], "texture": "#6"},
				"down": {"uv": [0.04448, 0, 0.08896, 0.21354], "texture": "#6"}
			}
		},
		{
			"from": [5.80141, 17.78945, 6.75],
			"to": [6.05141, 20.28945, 9.25],
			"rotation": {"angle": 5, "axis": "z", "origin": [5.80141, 18.78945, 8]},
			"faces": {
				"north": {"uv": [0.04448, 0, 0.08896, 0.21354], "texture": "#6"},
				"east": {"uv": [0.44479, 0, 0.88957, 0.21354], "texture": "#6"},
				"south": {"uv": [0.04448, 0, 0.08896, 0.21354], "texture": "#6"},
				"west": {"uv": [0.44479, 0, 0.88957, 0.21354], "texture": "#6"},
				"up": {"uv": [0.04448, 0, 0.08896, 0.21354], "texture": "#6"},
				"down": {"uv": [0.04448, 0, 0.08896, 0.21354], "texture": "#6"}
			}
		},
		{
			"from": [7.25, 22, 7.25],
			"to": [8.75, 22.5, 8.75],
			"rotation": {"angle": 45, "axis": "y", "origin": [8, 22.75, 8]},
			"faces": {
				"north": {"uv": [0, 0, 0.0755, 0.05867], "texture": "#7"},
				"east": {"uv": [0, 0, 0.0755, 0.05867], "texture": "#7"},
				"south": {"uv": [0, 0, 0.0755, 0.05867], "texture": "#7"},
				"west": {"uv": [0, 0, 0.0755, 0.05867], "texture": "#7"},
				"up": {"uv": [0, 0, 0.0755, 0.176], "texture": "#7"},
				"down": {"uv": [0, 0, 0.0755, 0.176], "texture": "#7"}
			}
		},
		{
			"from": [7.25, 22.5, 7.25],
			"to": [8.75, 23, 8.75],
			"rotation": {"angle": 40, "axis": "y", "origin": [8, 23.25, 8]},
			"faces": {
				"north": {"uv": [0, 0, 0.0755, 0.05867], "texture": "#7"},
				"east": {"uv": [0, 0, 0.0755, 0.05867], "texture": "#7"},
				"south": {"uv": [0, 0, 0.0755, 0.05867], "texture": "#7"},
				"west": {"uv": [0, 0, 0.0755, 0.05867], "texture": "#7"},
				"up": {"uv": [0, 0, 0.0755, 0.176], "texture": "#7"},
				"down": {"uv": [0, 0, 0.0755, 0.176], "texture": "#7"}
			}
		},
		{
			"from": [7.25, 23, 7.25],
			"to": [8.75, 23.5, 8.75],
			"rotation": {"angle": 35, "axis": "y", "origin": [8, 23.75, 8]},
			"faces": {
				"north": {"uv": [0, 0, 0.0755, 0.05867], "texture": "#7"},
				"east": {"uv": [0, 0, 0.0755, 0.05867], "texture": "#7"},
				"south": {"uv": [0, 0, 0.0755, 0.05867], "texture": "#7"},
				"west": {"uv": [0, 0, 0.0755, 0.05867], "texture": "#7"},
				"up": {"uv": [0, 0, 0.0755, 0.176], "texture": "#7"},
				"down": {"uv": [0, 0, 0.0755, 0.176], "texture": "#7"}
			}
		},
		{
			"from": [7.25, 23.5, 7.25],
			"to": [8.75, 24, 8.75],
			"rotation": {"angle": 30, "axis": "y", "origin": [8, 24.25, 8]},
			"faces": {
				"north": {"uv": [0, 0, 0.0755, 0.05867], "texture": "#7"},
				"east": {"uv": [0, 0, 0.0755, 0.05867], "texture": "#7"},
				"south": {"uv": [0, 0, 0.0755, 0.05867], "texture": "#7"},
				"west": {"uv": [0, 0, 0.0755, 0.05867], "texture": "#7"},
				"up": {"uv": [0, 0, 0.0755, 0.176], "texture": "#7"},
				"down": {"uv": [0, 0, 0.0755, 0.176], "texture": "#7"}
			}
		},
		{
			"from": [7.25, 24, 7.25],
			"to": [8.75, 24.5, 8.75],
			"rotation": {"angle": 25, "axis": "y", "origin": [8, 24.75, 8]},
			"faces": {
				"north": {"uv": [0, 0, 0.0755, 0.05867], "texture": "#7"},
				"east": {"uv": [0, 0, 0.0755, 0.05867], "texture": "#7"},
				"south": {"uv": [0, 0, 0.0755, 0.05867], "texture": "#7"},
				"west": {"uv": [0, 0, 0.0755, 0.05867], "texture": "#7"},
				"up": {"uv": [0, 0, 0.0755, 0.176], "texture": "#7"},
				"down": {"uv": [0, 0, 0.0755, 0.176], "texture": "#7"}
			}
		},
		{
			"from": [7.25, 24.5, 7.25],
			"to": [8.75, 25, 8.75],
			"rotation": {"angle": 20, "axis": "y", "origin": [8, 25.25, 8]},
			"faces": {
				"north": {"uv": [0, 0, 0.0755, 0.05867], "texture": "#7"},
				"east": {"uv": [0, 0, 0.0755, 0.05867], "texture": "#7"},
				"south": {"uv": [0, 0, 0.0755, 0.05867], "texture": "#7"},
				"west": {"uv": [0, 0, 0.0755, 0.05867], "texture": "#7"},
				"up": {"uv": [0, 0, 0.0755, 0.176], "texture": "#7"},
				"down": {"uv": [0, 0, 0.0755, 0.176], "texture": "#7"}
			}
		},
		{
			"from": [7.25, 25, 7.25],
			"to": [8.75, 25.5, 8.75],
			"rotation": {"angle": 15, "axis": "y", "origin": [8, 25.75, 8]},
			"faces": {
				"north": {"uv": [0, 0, 0.0755, 0.05867], "texture": "#7"},
				"east": {"uv": [0, 0, 0.0755, 0.05867], "texture": "#7"},
				"south": {"uv": [0, 0, 0.0755, 0.05867], "texture": "#7"},
				"west": {"uv": [0, 0, 0.0755, 0.05867], "texture": "#7"},
				"up": {"uv": [0, 0, 0.0755, 0.176], "texture": "#7"},
				"down": {"uv": [0, 0, 0.0755, 0.176], "texture": "#7"}
			}
		},
		{
			"from": [7.25, 25.5, 7.25],
			"to": [8.75, 26, 8.75],
			"rotation": {"angle": 10, "axis": "y", "origin": [8, 26.25, 8]},
			"faces": {
				"north": {"uv": [0, 0, 0.0755, 0.05867], "texture": "#7"},
				"east": {"uv": [0, 0, 0.0755, 0.05867], "texture": "#7"},
				"south": {"uv": [0, 0, 0.0755, 0.05867], "texture": "#7"},
				"west": {"uv": [0, 0, 0.0755, 0.05867], "texture": "#7"},
				"up": {"uv": [0, 0, 0.0755, 0.176], "texture": "#7"},
				"down": {"uv": [0, 0, 0.0755, 0.176], "texture": "#7"}
			}
		},
		{
			"from": [7.25, 26, 7.25],
			"to": [8.75, 26.5, 8.75],
			"rotation": {"angle": 5, "axis": "y", "origin": [8, 26.75, 8]},
			"faces": {
				"north": {"uv": [0, 0, 0.0755, 0.05867], "texture": "#7"},
				"east": {"uv": [0, 0, 0.0755, 0.05867], "texture": "#7"},
				"south": {"uv": [0, 0, 0.0755, 0.05867], "texture": "#7"},
				"west": {"uv": [0, 0, 0.0755, 0.05867], "texture": "#7"},
				"up": {"uv": [0, 0, 0.0755, 0.176], "texture": "#7"},
				"down": {"uv": [0, 0, 0.0755, 0.176], "texture": "#7"}
			}
		},
		{
			"from": [7.25, 26.5, 7.25],
			"to": [8.75, 27, 8.75],
			"rotation": {"angle": 0, "axis": "y", "origin": [8, 27.25, 8]},
			"faces": {
				"north": {"uv": [0, 0, 0.0755, 0.05867], "texture": "#7"},
				"east": {"uv": [0, 0, 0.0755, 0.05867], "texture": "#7"},
				"south": {"uv": [0, 0, 0.0755, 0.05867], "texture": "#7"},
				"west": {"uv": [0, 0, 0.0755, 0.05867], "texture": "#7"},
				"up": {"uv": [0, 0, 0.0755, 0.176], "texture": "#7"},
				"down": {"uv": [0, 0, 0.0755, 0.176], "texture": "#7"}
			}
		},
		{
			"from": [7.25, 27, 7.25],
			"to": [8.75, 27.5, 8.75],
			"rotation": {"angle": -5, "axis": "y", "origin": [8, 27.75, 8]},
			"faces": {
				"north": {"uv": [0, 0, 0.0755, 0.05867], "texture": "#7"},
				"east": {"uv": [0, 0, 0.0755, 0.05867], "texture": "#7"},
				"south": {"uv": [0, 0, 0.0755, 0.05867], "texture": "#7"},
				"west": {"uv": [0, 0, 0.0755, 0.05867], "texture": "#7"},
				"up": {"uv": [0, 0, 0.0755, 0.176], "texture": "#7"},
				"down": {"uv": [0, 0, 0.0755, 0.176], "texture": "#7"}
			}
		},
		{
			"from": [7.25, 27.5, 7.25],
			"to": [8.75, 28, 8.75],
			"rotation": {"angle": -10, "axis": "y", "origin": [8, 28.25, 8]},
			"faces": {
				"north": {"uv": [0, 0, 0.0755, 0.05867], "texture": "#7"},
				"east": {"uv": [0, 0, 0.0755, 0.05867], "texture": "#7"},
				"south": {"uv": [0, 0, 0.0755, 0.05867], "texture": "#7"},
				"west": {"uv": [0, 0, 0.0755, 0.05867], "texture": "#7"},
				"up": {"uv": [0, 0, 0.0755, 0.176], "texture": "#7"},
				"down": {"uv": [0, 0, 0.0755, 0.176], "texture": "#7"}
			}
		},
		{
			"from": [7.25, 28, 7.25],
			"to": [8.75, 28.5, 8.75],
			"rotation": {"angle": -15, "axis": "y", "origin": [8, 28.75, 8]},
			"faces": {
				"north": {"uv": [0, 0, 0.0755, 0.05867], "texture": "#7"},
				"east": {"uv": [0, 0, 0.0755, 0.05867], "texture": "#7"},
				"south": {"uv": [0, 0, 0.0755, 0.05867], "texture": "#7"},
				"west": {"uv": [0, 0, 0.0755, 0.05867], "texture": "#7"},
				"up": {"uv": [0, 0, 0.0755, 0.176], "texture": "#7"},
				"down": {"uv": [0, 0, 0.0755, 0.176], "texture": "#7"}
			}
		},
		{
			"from": [7.25, 28.5, 7.25],
			"to": [8.75, 29, 8.75],
			"rotation": {"angle": -20, "axis": "y", "origin": [8, 29.25, 8]},
			"faces": {
				"north": {"uv": [0, 0, 0.0755, 0.05867], "texture": "#7"},
				"east": {"uv": [0, 0, 0.0755, 0.05867], "texture": "#7"},
				"south": {"uv": [0, 0, 0.0755, 0.05867], "texture": "#7"},
				"west": {"uv": [0, 0, 0.0755, 0.05867], "texture": "#7"},
				"up": {"uv": [0, 0, 0.0755, 0.176], "texture": "#7"},
				"down": {"uv": [0, 0, 0.0755, 0.176], "texture": "#7"}
			}
		},
		{
			"from": [7.25, 29, 7.25],
			"to": [8.75, 29.5, 8.75],
			"rotation": {"angle": -25, "axis": "y", "origin": [8, 29.75, 8]},
			"faces": {
				"north": {"uv": [0, 0, 0.0755, 0.05867], "texture": "#7"},
				"east": {"uv": [0, 0, 0.0755, 0.05867], "texture": "#7"},
				"south": {"uv": [0, 0, 0.0755, 0.05867], "texture": "#7"},
				"west": {"uv": [0, 0, 0.0755, 0.05867], "texture": "#7"},
				"up": {"uv": [0, 0, 0.0755, 0.176], "texture": "#7"},
				"down": {"uv": [0, 0, 0.0755, 0.176], "texture": "#7"}
			}
		},
		{
			"from": [7.25, 29.5, 7.25],
			"to": [8.75, 30, 8.75],
			"rotation": {"angle": -30, "axis": "y", "origin": [8, 30.25, 8]},
			"faces": {
				"north": {"uv": [0, 0, 0.0755, 0.05867], "texture": "#7"},
				"east": {"uv": [0, 0, 0.0755, 0.05867], "texture": "#7"},
				"south": {"uv": [0, 0, 0.0755, 0.05867], "texture": "#7"},
				"west": {"uv": [0, 0, 0.0755, 0.05867], "texture": "#7"},
				"up": {"uv": [0, 0, 0.0755, 0.176], "texture": "#7"},
				"down": {"uv": [0, 0, 0.0755, 0.176], "texture": "#7"}
			}
		},
		{
			"from": [7.25, 30, 7.25],
			"to": [8.75, 30.5, 8.75],
			"rotation": {"angle": -35, "axis": "y", "origin": [8, 30.75, 8]},
			"faces": {
				"north": {"uv": [0, 0, 0.0755, 0.05867], "texture": "#7"},
				"east": {"uv": [0, 0, 0.0755, 0.05867], "texture": "#7"},
				"south": {"uv": [0, 0, 0.0755, 0.05867], "texture": "#7"},
				"west": {"uv": [0, 0, 0.0755, 0.05867], "texture": "#7"},
				"up": {"uv": [0, 0, 0.0755, 0.176], "texture": "#7"},
				"down": {"uv": [0, 0, 0.0755, 0.176], "texture": "#7"}
			}
		},
		{
			"from": [4, 18, 7],
			"to": [12, 20, 9],
			"rotation": {"angle": 0, "axis": "y", "origin": [10, 1, 7]},
			"faces": {
				"north": {"uv": [0, 0, 0.40267, 0.23467], "texture": "#7"},
				"east": {"uv": [0, 0, 0.10067, 0.23467], "texture": "#7"},
				"south": {"uv": [0, 0, 0.40267, 0.23467], "texture": "#7"},
				"west": {"uv": [0, 0, 0.10067, 0.23467], "texture": "#7"},
				"up": {"uv": [0, 0, 0.40267, 0.23467], "texture": "#7"},
				"down": {"uv": [0, 0, 0.40267, 0.23467], "texture": "#7"}
			}
		},
		{
			"from": [7.75, 19.75, 7.75],
			"to": [8.25, 31.75, 8.25],
			"rotation": {"angle": 0, "axis": "y", "origin": [10, 6, 7]},
			"faces": {
				"north": {"uv": [0, 0, 0.02517, 1.408], "texture": "#7"},
				"east": {"uv": [0, 0, 0.02517, 1.408], "texture": "#7"},
				"south": {"uv": [0, 0, 0.02517, 1.408], "texture": "#7"},
				"west": {"uv": [0, 0, 0.02517, 1.408], "texture": "#7"},
				"up": {"uv": [0, 0, 0.02517, 0.05867], "texture": "#7"},
				"down": {"uv": [0, 0, 0.02517, 0.05867], "texture": "#7"}
			}
		},
		{
			"from": [7.25, 20.25, 7.25],
			"to": [8.75, 22, 8.75],
			"rotation": {"angle": 0, "axis": "y", "origin": [10, 1.25, 7]},
			"faces": {
				"north": {"uv": [0, 0, 0.0755, 0.20533], "texture": "#7"},
				"east": {"uv": [0, 0, 0.0755, 0.20533], "texture": "#7"},
				"south": {"uv": [0, 0, 0.0755, 0.20533], "texture": "#7"},
				"west": {"uv": [0, 0, 0.0755, 0.20533], "texture": "#7"},
				"up": {"uv": [0, 0, 0.0755, 0.176], "texture": "#7"},
				"down": {"uv": [0, 0, 0.0755, 0.176], "texture": "#7"}
			}
		},
		{
			"from": [7.5, 30.5, 7.5],
			"to": [8.5, 31.75, 8.5],
			"rotation": {"angle": 0, "axis": "y", "origin": [10, 11.25, 7]},
			"faces": {
				"north": {"uv": [0, 0, 0.05033, 0.14667], "texture": "#7"},
				"east": {"uv": [0, 0, 0.05033, 0.14667], "texture": "#7"},
				"south": {"uv": [0, 0, 0.05033, 0.14667], "texture": "#7"},
				"west": {"uv": [0, 0, 0.05033, 0.14667], "texture": "#7"},
				"up": {"uv": [0, 0, 0.05033, 0.11733], "texture": "#7"},
				"down": {"uv": [0, 0, 0.05033, 0.11733], "texture": "#7"}
			}
		},
		{
			"from": [7.25, 31.5, 7.25],
			"to": [8.75, 32, 8.75],
			"rotation": {"angle": 0, "axis": "y", "origin": [10, 11.25, 7]},
			"faces": {
				"north": {"uv": [0, 0, 0.0755, 0.05867], "texture": "#7"},
				"east": {"uv": [0, 0, 0.0755, 0.05867], "texture": "#7"},
				"south": {"uv": [0, 0, 0.0755, 0.05867], "texture": "#7"},
				"west": {"uv": [0, 0, 0.0755, 0.05867], "texture": "#7"},
				"up": {"uv": [0, 0, 0.0755, 0.176], "texture": "#7"},
				"down": {"uv": [0, 0, 0.0755, 0.176], "texture": "#7"}
			}
		},
		{
			"from": [13, 21, 7],
			"to": [16, 22, 9],
			"rotation": {"angle": 25, "axis": "z", "origin": [14, 3, 7]},
			"faces": {
				"north": {"uv": [0, 0, 0.151, 0.11733], "texture": "#7"},
				"east": {"uv": [0, 0, 0.10067, 0.11733], "texture": "#7"},
				"south": {"uv": [0, 0, 0.151, 0.11733], "texture": "#7"},
				"west": {"uv": [0, 0, 0.10067, 0.11733], "texture": "#7"},
				"up": {"uv": [0, 0, 0.151, 0.23467], "texture": "#7"},
				"down": {"uv": [0, 0, 0.151, 0.23467], "texture": "#7"}
			}
		},
		{
			"from": [0, 21, 7],
			"to": [3, 22, 9],
			"rotation": {"angle": -25, "axis": "z", "origin": [2, 3, 7]},
			"faces": {
				"north": {"uv": [0.151, 0, 0.302, 0.11733], "texture": "#7"},
				"east": {"uv": [0.10067, 0, 0.20133, 0.11733], "texture": "#7"},
				"south": {"uv": [0.151, 0, 0.302, 0.11733], "texture": "#7"},
				"west": {"uv": [0.10067, 0, 0.20133, 0.11733], "texture": "#7"},
				"up": {"uv": [0.151, 0, 0.302, 0.23467], "texture": "#7"},
				"down": {"uv": [0.151, 0, 0.302, 0.23467], "texture": "#7"}
			}
		},
		{
			"from": [16.17844, 20.26158, 7],
			"to": [18.67844, 22.26158, 9],
			"rotation": {"angle": 15, "axis": "z", "origin": [22.67844, 3.26158, 7]},
			"faces": {
				"north": {"uv": [0, 0, 0.12583, 0.23467], "texture": "#7"},
				"east": {"uv": [0, 0, 0.10067, 0.23467], "texture": "#7"},
				"south": {"uv": [0, 0, 0.12583, 0.23467], "texture": "#7"},
				"west": {"uv": [0, 0, 0.10067, 0.23467], "texture": "#7"},
				"up": {"uv": [0, 0, 0.12583, 0.23467], "texture": "#7"},
				"down": {"uv": [0, 0, 0.12583, 0.23467], "texture": "#7"}
			}
		},
		{
			"from": [-2.67844, 20.26158, 7],
			"to": [-0.17844, 22.26158, 9],
			"rotation": {"angle": -15, "axis": "z", "origin": [-6.67844, 3.26158, 7]},
			"faces": {
				"north": {"uv": [0.12583, 0, 0.25167, 0.23467], "texture": "#7"},
				"east": {"uv": [0.10067, 0, 0.20133, 0.23467], "texture": "#7"},
				"south": {"uv": [0.12583, 0, 0.25167, 0.23467], "texture": "#7"},
				"west": {"uv": [0.10067, 0, 0.20133, 0.23467], "texture": "#7"},
				"up": {"uv": [0.12583, 0, 0.25167, 0.23467], "texture": "#7"},
				"down": {"uv": [0.12583, 0, 0.25167, 0.23467], "texture": "#7"}
			}
		}
	],
	"display": {
		"thirdperson_righthand": {
			"rotation": [-180, 90, 0],
			"translation": [0, 16, 2]
		},
		"thirdperson_lefthand": {
			"rotation": [-180, 90, 0],
			"translation": [0, 16, 2]
		},
		"firstperson_righthand": {
			"rotation": [-180, 63, -20],
			"translation": [4.25, -2.5, 0]
		},
		"firstperson_lefthand": {
			"rotation": [-180, 63, -20],
			"translation": [4.25, -2.5, 0]
		},
		"ground": {
			"translation": [0, 19.25, 0]
		},
		"gui": {
			"rotation": [-47, -17, -43],
			"scale": [0.44, 0.44, 0.44]
		},
		"head": {
			"rotation": [4, 0, 67],
			"translation": [-2, 5.25, 0],
			"scale": [1.27, 1.27, 1.27]
		},
		"fixed": {
			"rotation": [-90, 43, 0],
			"translation": [0, 0, -14.25],
			"scale": [2.01, 2.01, 2.01]
		},
		"on_shelf": {
			"rotation": [0, 0, -20],
			"scale": [0.65, 0.65, 0.65]
		}
	},
	"groups": [
		{
			"name": "Middle Blade",
			"origin": [7.85932, -7.569, 7.21674],
			"color": 3,
			"children": [0, 1, 2, 3, 4, 5, 6, 7, 8, 9, 10, 11]
		},
		{
			"name": "Blade",
			"origin": [7.85932, -7.569, 7.46674],
			"color": 0,
			"children": [12, 13, 14, 15, 16, 17, 18, 19, 20]
		},
		{
			"name": "Handle 2",
			"origin": [1, 22.75, 1],
			"color": 9,
			"children": [
				{
					"name": "group",
					"origin": [1, 22.75, 1],
					"color": 9,
					"children": [21, 22, 23, 24, 25, 26, 27, 28, 29, 30, 31, 32, 33, 34, 35, 36, 37]
				},
				{
					"name": "Ropes",
					"origin": [-1.19859, 18.78945, 1],
					"color": 9,
					"children": [38, 39, 40, 41, 42, 43, 44, 45, 46, 47, 48, 49, 50, 51, 52, 53, 54]
				}
			]
		},
		{
			"name": "Handle 1",
			"origin": [1, 22.75, 1],
			"color": 2,
			"children": [55, 56, 57, 58, 59, 60, 61, 62, 63, 64, 65, 66, 67, 68, 69, 70, 71, 72, 73, 74, 75, 76, 77, 78, 79, 80]
		}
	]
}