{
	"format_version": "1.21.6",
	"credit": "Made by sketchmacaw",
	"textures": {
		"3": "item/deco/christmas/snowman_with_pan/smiling_snowman",
		"4": "block/cauldron_side",
		"5": "block/cauldron_top",
		"6": "block/snow",
		"7": "item/deco/christmas/snowman_with_pan/shirt",
		"8": "block/stripped_spruce_log",
		"9": "block/cauldron_inner",
		"particle": "block/snow"
	},
	"elements": [
		{
			"from": [2, 0, 2],
			"to": [14, 10, 14],
			"rotation": {"angle": 0, "axis": "y", "origin": [0, -11, 0]},
			"faces": {
				"north": {"uv": [0, 0, 12, 10], "texture": "#6"},
				"east": {"uv": [0, 0, 12, 10], "texture": "#6"},
				"south": {"uv": [0, 0, 12, 10], "texture": "#6"},
				"west": {"uv": [0, 0, 12, 10], "texture": "#6"},
				"up": {"uv": [0, 0, 12, 12], "texture": "#6"},
				"down": {"uv": [0, 0, 12, 12], "texture": "#6"}
			}
		},
		{
			"from": [3, 10, 3],
			"to": [13, 20, 13],
			"rotation": {"angle": 0, "axis": "y", "origin": [0, -11, 0]},
			"faces": {
				"north": {"uv": [0, 4, 12, 16], "texture": "#3"},
				"east": {"uv": [0, 0, 10, 10], "texture": "#6"},
				"south": {"uv": [0, 0, 10, 10], "texture": "#6"},
				"west": {"uv": [0, 0, 10, 10], "texture": "#6"},
				"up": {"uv": [0, 0, 10, 10], "texture": "#6"},
				"down": {"uv": [0, 0, 10, 10], "texture": "#6"}
			}
		},
		{
			"from": [2, 17, 2],
			"to": [14, 21, 14],
			"rotation": {"angle": 0, "axis": "y", "origin": [0, -11, 0]},
			"faces": {
				"north": {"uv": [3, 0, 15, 4], "texture": "#4"},
				"east": {"uv": [3, 0, 15, 4], "texture": "#4"},
				"south": {"uv": [3, 0, 15, 4], "texture": "#4"},
				"west": {"uv": [2, 0, 14, 4], "texture": "#4"},
				"up": {"uv": [2, 2, 14, 14], "texture": "#9"},
				"down": {"uv": [2, 2, 14, 14], "texture": "#5"}
			}
		},
		{
			"from": [-6, 17, 7],
			"to": [2, 18, 9],
			"rotation": {"angle": 22.5, "axis": "z", "origin": [-2, 19, 8]},
			"faces": {
				"north": {"uv": [3, 0, 11, 2], "texture": "#4"},
				"east": {"uv": [3, 0, 5, 2], "texture": "#4"},
				"south": {"uv": [3, 0, 11, 2], "texture": "#4"},
				"west": {"uv": [2, 0, 4, 2], "texture": "#4"},
				"up": {"uv": [0, 0, 8, 2], "texture": "#4"},
				"down": {"uv": [2, 2, 10, 4], "texture": "#4"}
			}
		},
		{
			"from": [6.6, 3.7, 1.6],
			"to": [9.6, 5.7, 2.6],
			"rotation": {"angle": 0, "axis": "z", "origin": [8.5, -5.5, 0.5]},
			"faces": {
				"north": {"uv": [13, 4, 16, 8], "rotation": 270, "texture": "#3"},
				"east": {"uv": [13, 4, 16, 5], "rotation": 270, "texture": "#3"},
				"south": {"uv": [13, 4, 16, 8], "rotation": 270, "texture": "#3"},
				"west": {"uv": [13, 4, 16, 5], "rotation": 270, "texture": "#3"},
				"up": {"uv": [13, 4, 14, 8], "rotation": 270, "texture": "#3"},
				"down": {"uv": [13, 4, 14, 8], "rotation": 270, "texture": "#3"}
			}
		},
		{
			"from": [6.9, 13, 0.3],
			"to": [8.9, 15, 4.3],
			"rotation": {"angle": -22.5, "axis": "x", "origin": [7.9, 14, 2.3]},
			"faces": {
				"north": {"uv": [6, 0, 8, 2], "texture": "#3"},
				"east": {"uv": [11, 0, 15, 2], "texture": "#3"},
				"south": {"uv": [10, 0, 12, 2], "texture": "#3"},
				"west": {"uv": [12, 0, 16, 2], "texture": "#3"},
				"up": {"uv": [4, 0, 8, 2], "rotation": 90, "texture": "#3"},
				"down": {"uv": [3, 0, 7, 2], "rotation": 90, "texture": "#3"}
			}
		},
		{
			"from": [7.9, 13, -0.7],
			"to": [7.9, 15, 0.3],
			"rotation": {"angle": -22.5, "axis": "x", "origin": [7.9, 14, 2.3]},
			"faces": {
				"north": {"uv": [6, 0, 6, 2], "texture": "#3"},
				"east": {"uv": [11, 0, 12, 2], "texture": "#3"},
				"south": {"uv": [10, 0, 10, 2], "texture": "#3"},
				"west": {"uv": [12, 0, 13, 2], "texture": "#3"},
				"up": {"uv": [4, 0, 5, 0], "rotation": 90, "texture": "#3"},
				"down": {"uv": [3, 0, 4, 0], "rotation": 90, "texture": "#3"}
			}
		},
		{
			"from": [7.9, 13, -2.7],
			"to": [7.9, 14, -0.7],
			"rotation": {"angle": -22.5, "axis": "x", "origin": [7.9, 14, 2.3]},
			"faces": {
				"north": {"uv": [6, 0, 6, 1], "texture": "#3"},
				"east": {"uv": [11, 0, 13, 1], "texture": "#3"},
				"south": {"uv": [10, 0, 10, 1], "texture": "#3"},
				"west": {"uv": [12, 0, 14, 1], "texture": "#3"},
				"up": {"uv": [4, 0, 6, 0], "rotation": 90, "texture": "#3"},
				"down": {"uv": [3, 0, 5, 0], "rotation": 90, "texture": "#3"}
			}
		},
		{
			"from": [1.7, 7.1, 1.3],
			"to": [14.7, 10.1, 14.3],
			"rotation": {"angle": 0, "axis": "y", "origin": [0, -11, 0]},
			"faces": {
				"north": {"uv": [0, 0, 13, 3], "texture": "#7"},
				"east": {"uv": [0, 0, 13, 3], "texture": "#7"},
				"south": {"uv": [0, 0, 13, 3], "texture": "#7"},
				"west": {"uv": [0, 0, 13, 3], "texture": "#7"},
				"up": {"uv": [1, 3, 14, 16], "texture": "#7"},
				"down": {"uv": [0, 0, 13, 13], "texture": "#7"}
			}
		},
		{
			"from": [1.7, 2.1, 1.3],
			"to": [4.7, 7.1, 4.3],
			"rotation": {"angle": 0, "axis": "y", "origin": [0, -11, 0]},
			"faces": {
				"north": {"uv": [7, 6, 10, 11], "texture": "#7"},
				"east": {"uv": [7, 6, 10, 11], "texture": "#7"},
				"south": {"uv": [7, 6, 10, 11], "texture": "#7"},
				"west": {"uv": [7, 6, 10, 11], "texture": "#7"},
				"up": {"uv": [8, 9, 11, 12], "texture": "#7"},
				"down": {"uv": [7, 6, 10, 9], "texture": "#7"}
			}
		},
		{
			"from": [-2, -5, 7],
			"to": [0, 7, 9],
			"rotation": {"angle": -22.5, "axis": "z", "origin": [1, -2, 13]},
			"faces": {
				"north": {"uv": [0, 0, 2, 12], "texture": "#8"},
				"east": {"uv": [0, 0, 2, 12], "texture": "#8"},
				"south": {"uv": [0, 0, 2, 12], "texture": "#8"},
				"west": {"uv": [0, 0, 2, 12], "texture": "#8"},
				"up": {"uv": [0, 0, 2, 2], "texture": "#8"},
				"down": {"uv": [0, 0, 2, 2], "texture": "#8"}
			}
		},
		{
			"from": [17, -11, 7],
			"to": [19, 1, 9],
			"rotation": {"angle": 22.5, "axis": "z", "origin": [0.30029, -7.53701, 8]},
			"faces": {
				"north": {"uv": [2, 4, 4, 16], "texture": "#8"},
				"east": {"uv": [2, 4, 4, 16], "texture": "#8"},
				"south": {"uv": [2, 4, 4, 16], "texture": "#8"},
				"west": {"uv": [2, 4, 4, 16], "texture": "#8"},
				"up": {"uv": [0, 4, 2, 6], "texture": "#8"},
				"down": {"uv": [0, 4, 2, 6], "texture": "#8"}
			}
		}
	],
	"display": {
		"thirdperson_righthand": {
			"rotation": [63, 0, 0],
			"scale": [0.24, 0.24, 0.24]
		},
		"thirdperson_lefthand": {
			"rotation": [69, 0, 0],
			"scale": [0.31, 0.3, 0.29]
		},
		"firstperson_righthand": {
			"rotation": [-2, 131, 0],
			"translation": [2.5, 2.25, 0],
			"scale": [0.23, 0.22, 0.21]
		},
		"firstperson_lefthand": {
			"rotation": [0, 119, 0],
			"translation": [3, 2.25, 0],
			"scale": [0.23, 0.23, 0.23]
		},
		"ground": {
			"translation": [0, 2.75, 0],
			"scale": [0.32, 0.32, 0.32]
		},
		"gui": {
			"rotation": [18, 140, 0],
			"translation": [0, -1.25, 0],
			"scale": [0.54, 0.51, 0.55]
		},
		"head": {
			"translation": [0, 15.5, 0]
		},
		"fixed": {
			"rotation": [-90, 0, 0],
			"translation": [0, -0.25, -17],
			"scale": [2.12, 2.12, 2.12]
		},
		"on_shelf": {
			"rotation": [0, 180, 0],
			"scale": [0.65, 0.65, 0.65]
		}
	}
}