{
	"format_version": "1.21.6",
	"credit": "Created by Mickey Joe Alpha - http://YouTube.com/@MushirMickeyJoe",
	"parent": "item/bundle/gift",
	"textures": {
		"particle": "item/deco/christmas/present/small/gift"
	},
	"elements": [
		{
			"from": [3.25, 0, 5],
			"to": [9.25, 5, 11],
			"rotation": {"angle": 0, "axis": "y", "origin": [5.25, 0, 8]},
			"faces": {
				"north": {"uv": [6, 11, 12, 16], "texture": "#particle"},
				"east": {"uv": [12, 11, 6, 16], "texture": "#particle"},
				"south": {"uv": [6, 11, 12, 16], "texture": "#particle"},
				"west": {"uv": [12, 11, 6, 16], "texture": "#particle"},
				"down": {"uv": [6, 10, 0, 16], "texture": "#particle"}
			}
		},
		{
			"from": [9.25, 5, 11],
			"to": [3.25, 0, 5],
			"rotation": {"angle": 0, "axis": "y", "origin": [11.25, 5, 14]},
			"faces": {
				"north": {"uv": [6, 16, 12, 11], "texture": "#particle"},
				"east": {"uv": [12, 16, 6, 11], "texture": "#particle"},
				"south": {"uv": [6, 16, 12, 11], "texture": "#particle"},
				"west": {"uv": [12, 16, 6, 11], "texture": "#particle"},
				"up": {"uv": [6, 10, 0, 16], "rotation": 180, "texture": "#particle"}
			}
		},
		{
			"from": [3, -0.25, 4.75],
			"to": [9.5, 5.25, 11.25],
			"rotation": {"angle": 0, "axis": "y", "origin": [4.75, 0.5, 8.5]},
			"faces": {
				"north": {"uv": [6, 6, 12, 11], "texture": "#particle"},
				"east": {"uv": [6, 6, 12, 11], "texture": "#particle"},
				"south": {"uv": [6, 6, 12, 11], "texture": "#particle"},
				"west": {"uv": [6, 6, 12, 11], "texture": "#particle"},
				"down": {"uv": [12, 0, 6, 6], "texture": "#particle"}
			}
		},
		{
			"from": [9.5, 5.25, 11.25],
			"to": [3, -0.25, 4.75],
			"rotation": {"angle": 0, "axis": "x", "origin": [10.75, 6.5, 14.5]},
			"faces": {
				"north": {"uv": [6, 10, 12, 5], "texture": "#particle"},
				"east": {"uv": [6, 10, 12, 5], "texture": "#particle"},
				"south": {"uv": [6, 10, 12, 5], "texture": "#particle"},
				"west": {"uv": [6, 10, 12, 5], "texture": "#particle"},
				"up": {"uv": [6, 0, 12, 6], "texture": "#particle"},
				"down": {"uv": [12, 0, 6, 6], "rotation": 90, "texture": "#particle"}
			}
		},
		{
			"from": [11.375, 2.125, 8],
			"to": [13.375, 7.125, 8],
			"rotation": {"angle": 22.5, "axis": "z", "origin": [11.25, 4.625, 8]},
			"faces": {
				"north": {"uv": [14, 0, 16, 5], "texture": "#particle"},
				"south": {"uv": [14, 0, 16, 5], "rotation": 180, "texture": "#particle"}
			}
		},
		{
			"from": [9.025, 1.525, 4.9],
			"to": [11.225, 7.725, 11.1],
			"rotation": {"angle": 22.5, "axis": "z", "origin": [11.25, 4.625, 8]},
			"faces": {
				"north": {"uv": [0, 8, 6, 10], "rotation": 270, "texture": "#particle"},
				"east": {"uv": [6, 8, 0, 2], "rotation": 90, "texture": "#particle"},
				"south": {"uv": [0, 8, 6, 10], "rotation": 90, "texture": "#particle"},
				"up": {"uv": [0, 8, 6, 10], "rotation": 90, "texture": "#particle"},
				"down": {"uv": [0, 8, 6, 10], "rotation": 90, "texture": "#particle"}
			}
		},
		{
			"from": [11.225, 7.725, 11.1],
			"to": [9.025, 1.5, 4.9],
			"rotation": {"angle": 22.5, "axis": "z", "origin": [11.25, 4.625, 8]},
			"faces": {
				"north": {"uv": [0, 10, 6, 8], "rotation": 270, "texture": "#particle"},
				"south": {"uv": [0, 10, 6, 8], "rotation": 90, "texture": "#particle"},
				"west": {"uv": [6, 8, 0, 2], "texture": "#particle"},
				"up": {"uv": [0, 10, 6, 8], "rotation": 90, "texture": "#particle"},
				"down": {"uv": [0, 10, 6, 8], "rotation": 90, "texture": "#particle"}
			}
		},
		{
			"from": [8.875, 1.375, 4.75],
			"to": [11.375, 7.875, 11.25],
			"rotation": {"angle": 22.5, "axis": "z", "origin": [11.25, 4.625, 8]},
			"faces": {
				"north": {"uv": [6, 5, 12, 7], "rotation": 270, "texture": "#particle"},
				"east": {"uv": [12, 6, 6, 0], "rotation": 180, "texture": "#particle"},
				"south": {"uv": [6, 5, 12, 7], "rotation": 90, "texture": "#particle"},
				"up": {"uv": [6, 5, 12, 7], "rotation": 90, "texture": "#particle"},
				"down": {"uv": [6, 5, 12, 7], "rotation": 90, "texture": "#particle"}
			}
		},
		{
			"from": [11.375, 7.875, 11.25],
			"to": [8.875, 1.375, 4.75],
			"rotation": {"angle": 22.5, "axis": "z", "origin": [11.25, 4.625, 8]},
			"faces": {
				"north": {"uv": [6, 7, 12, 5], "rotation": 270, "texture": "#particle"},
				"south": {"uv": [6, 7, 12, 5], "rotation": 90, "texture": "#particle"},
				"west": {"uv": [6, 6, 12, 0], "texture": "#particle"},
				"up": {"uv": [6, 7, 12, 5], "rotation": 90, "texture": "#particle"},
				"down": {"uv": [6, 7, 12, 5], "rotation": 90, "texture": "#particle"}
			}
		}
	],
	"display": {
		"thirdperson_righthand": {
			"translation": [2.5, 8.5, 0]
		},
		"thirdperson_lefthand": {
			"rotation": [0, -180, 0],
			"translation": [2.25, 9.25, 0]
		},
		"firstperson_righthand": {
			"translation": [1.13, 5.2, 0.63],
			"scale": [0.68, 0.68, 0.68]
		},
		"firstperson_lefthand": {
			"rotation": [0, -180, 0],
			"translation": [1.13, 5.2, 0.63],
			"scale": [0.68, 0.68, 0.68]
		},
		"ground": {
			"translation": [0, 3, 0]
		},
		"gui": {
			"rotation": [19, 34, 9],
			"translation": [0, 5.5, 0],
			"scale": [1.4, 1.4, 1.4]
		},
		"head": {
			"translation": [1.5, 14.75, 0]
		},
		"fixed": {
			"rotation": [-90, 0, 0],
			"translation": [2.25, 0.75, -16.75],
			"scale": [2, 2, 2]
		},
		"on_shelf": {
			"translation": [1.5, 1, 0]
		}
	}
}