{
	"format_version": "1.21.6",
	"credit": "Created by Mickey Joe Alpha - http://YouTube.com/@MushirMickeyJoe",
	"textures": {
		"particle": "item/deco/christmas/present/small/gift"
	},
	"elements": [
		{
			"from": [5, 0, 5],
			"to": [11, 5, 11],
			"rotation": {"angle": 0, "axis": "y", "origin": [7, 0, 8]},
			"faces": {
				"north": {"uv": [6, 11, 12, 16], "texture": "#particle"},
				"east": {"uv": [12, 11, 6, 16], "texture": "#particle"},
				"south": {"uv": [6, 11, 12, 16], "texture": "#particle"},
				"west": {"uv": [12, 11, 6, 16], "texture": "#particle"},
				"down": {"uv": [6, 10, 0, 16], "texture": "#particle"}
			}
		},
		{
			"from": [4.75, -0.25, 4.75],
			"to": [11.25, 6.25, 11.25],
			"rotation": {"angle": 0, "axis": "y", "origin": [6.5, 0.5, 8.5]},
			"faces": {
				"north": {"uv": [6, 5, 12, 11], "texture": "#particle"},
				"east": {"uv": [6, 5, 12, 11], "texture": "#particle"},
				"south": {"uv": [6, 5, 12, 11], "texture": "#particle"},
				"west": {"uv": [6, 5, 12, 11], "texture": "#particle"},
				"up": {"uv": [12, 6, 6, 0], "rotation": 90, "texture": "#particle"},
				"down": {"uv": [12, 0, 6, 6], "texture": "#particle"}
			}
		},
		{
			"from": [11.25, 6.25, 11.25],
			"to": [4.75, -0.25, 4.75],
			"rotation": {"angle": 0, "axis": "x", "origin": [12.5, 6.5, 14.5]},
			"faces": {
				"north": {"uv": [6, 11, 12, 5], "texture": "#particle"},
				"east": {"uv": [6, 11, 12, 5], "texture": "#particle"},
				"south": {"uv": [6, 11, 12, 5], "texture": "#particle"},
				"west": {"uv": [6, 11, 12, 5], "texture": "#particle"},
				"up": {"uv": [6, 0, 12, 6], "texture": "#particle"},
				"down": {"uv": [12, 0, 6, 6], "rotation": 90, "texture": "#particle"}
			}
		},
		{
			"from": [5.5, 6.25, 8],
			"to": [10.5, 8.25, 8],
			"rotation": {"angle": -22.5, "axis": "y", "origin": [8, 7.25, 8]},
			"faces": {
				"north": {"uv": [14, 0, 16, 5], "rotation": 90, "texture": "#particle"},
				"south": {"uv": [14, 0, 16, 5], "rotation": 90, "texture": "#particle"}
			}
		},
		{
			"from": [4.9, 3.9, 4.9],
			"to": [11.1, 6.1, 11.1],
			"rotation": {"angle": 0, "axis": "y", "origin": [7, 0, 8]},
			"faces": {
				"north": {"uv": [0, 8, 6, 10], "texture": "#particle"},
				"east": {"uv": [0, 8, 6, 10], "texture": "#particle"},
				"south": {"uv": [0, 8, 6, 10], "texture": "#particle"},
				"west": {"uv": [0, 8, 6, 10], "texture": "#particle"},
				"up": {"uv": [6, 8, 0, 2], "texture": "#particle"}
			}
		}
	],
	"gui_light": "front",
	"display": {
		"thirdperson_righthand": {
			"rotation": [28, 22.5, 0],
			"translation": [0, 8, 2.5]
		},
		"thirdperson_lefthand": {
			"rotation": [28, 22.5, 0],
			"translation": [0, 8, 2.5]
		},
		"firstperson_righthand": {
			"rotation": [-4, 2, 3],
			"translation": [1.13, 5.2, 0.63],
			"scale": [0.68, 0.68, 0.68]
		},
		"firstperson_lefthand": {
			"rotation": [-4, 2, 3],
			"translation": [1.13, 5.2, 0.63],
			"scale": [0.68, 0.68, 0.68]
		},
		"ground": {
			"translation": [0, 2, 0]
		},
		"gui": {
			"rotation": [12, -20, 0],
			"translation": [0, 5.5, 0],
			"scale": [1.4, 1.4, 1.4]
		},
		"head": {
			"translation": [-0.25, 15.25, 0]
		},
		"fixed": {
			"rotation": [-90, 0, 0],
			"translation": [0, 0, -16.01],
			"scale": [2, 2, 2]
		},
		"on_shelf": {
			"translation": [0, 8, -2],
			"scale": [2, 2, 2]
		}
	}
}