{
	"format_version": "1.21.6",
	"credit": "Made by BearBruno",
	"texture_size": [64, 64],
	"textures": {
		"0": "item/hats/jester_hat_texture",
		"particle": "item/hats/jester_hat_texture"
	},
	"elements": [
		{
			"from": [11, 13.75, 5.75],
			"to": [15.5, 20.5, 10.25],
			"rotation": {"angle": -40, "axis": "z", "origin": [6, 16, 0.75]},
			"faces": {
				"north": {"uv": [2.25, 4, 3.5, 5.75], "texture": "#0"},
				"east": {"uv": [3.5, 4, 4.75, 5.75], "texture": "#0"},
				"south": {"uv": [4.25, 0, 5.5, 1.75], "texture": "#0"},
				"west": {"uv": [4.25, 1.75, 5.5, 3.5], "texture": "#0"},
				"up": {"uv": [5.75, 10.25, 4.5, 9], "texture": "#0"},
				"down": {"uv": [8.5, 9.25, 7.25, 10.5], "texture": "#0"}
			}
		},
		{
			"from": [5.75, 4.25, 4.25],
			"to": [10.25, 11, 8.75],
			"rotation": {"angle": -40, "axis": "x", "origin": [0.75, 6.5, -1]},
			"faces": {
				"north": {"uv": [0, 4.5, 1.25, 6.25], "texture": "#0"},
				"east": {"uv": [4.75, 3.5, 6, 5.25], "texture": "#0"},
				"south": {"uv": [4.75, 5.25, 6, 7], "texture": "#0"},
				"west": {"uv": [5.5, 0, 6.75, 1.75], "texture": "#0"},
				"up": {"uv": [9.75, 10.5, 8.5, 9.25], "texture": "#0"},
				"down": {"uv": [2.25, 9.5, 1, 10.75], "texture": "#0"}
			}
		},
		{
			"from": [6.25, 13, -4.75],
			"to": [9.75, 16.5, 2.75],
			"rotation": {"angle": 5, "axis": "x", "origin": [0.75, 7.25, -0.25]},
			"faces": {
				"north": {"uv": [1.25, 4.5, 2.25, 5.5], "texture": "#0"},
				"east": {"uv": [3.75, 7, 5.75, 8], "texture": "#0"},
				"south": {"uv": [3.75, 5.75, 4.75, 6.75], "texture": "#0"},
				"west": {"uv": [5.75, 7, 7.75, 8], "texture": "#0"},
				"up": {"uv": [8.25, 5.5, 7.25, 3.5], "texture": "#0"},
				"down": {"uv": [2.25, 7.5, 1.25, 9.5], "texture": "#0"}
			}
		},
		{
			"from": [6.75, 14.11065, -5.42174],
			"to": [9.25, 16.61065, -1.42174],
			"rotation": {"angle": -17.5, "axis": "x", "origin": [0.75, 7.86065, -0.92174]},
			"faces": {
				"north": {"uv": [1, 11.75, 1.75, 12.25], "texture": "#0"},
				"east": {"uv": [2.25, 7.5, 3.25, 8], "texture": "#0"},
				"south": {"uv": [1.75, 11.75, 2.5, 12.25], "texture": "#0"},
				"west": {"uv": [8.25, 5, 9.25, 5.5], "texture": "#0"},
				"up": {"uv": [8.5, 11.5, 7.75, 10.5], "texture": "#0"},
				"down": {"uv": [9.25, 10.5, 8.5, 11.5], "texture": "#0"}
			}
		},
		{
			"from": [7.25, 6.79491, -9.12468],
			"to": [8.75, 10.79491, -7.62468],
			"rotation": {"angle": 27.5, "axis": "x", "origin": [0.75, 9.79491, -0.87468]},
			"faces": {
				"north": {"uv": [5.75, 9, 6.25, 10], "texture": "#0"},
				"east": {"uv": [9.25, 10.5, 9.75, 11.5], "texture": "#0"},
				"south": {"uv": [2.75, 11, 3.25, 12], "texture": "#0"},
				"west": {"uv": [11, 6.5, 11.5, 7.5], "texture": "#0"},
				"up": {"uv": [4.75, 4, 4.25, 3.5], "texture": "#0"},
				"down": {"uv": [7.75, 6.5, 7.25, 7], "texture": "#0"}
			}
		},
		{
			"from": [7.25, 6.79491, 23.62468],
			"to": [8.75, 10.79491, 25.12468],
			"rotation": {"angle": -27.5, "axis": "x", "origin": [0.75, 9.79491, 16.87468]},
			"faces": {
				"north": {"uv": [11, 7.5, 11.5, 8.5], "texture": "#0"},
				"east": {"uv": [11, 8.5, 11.5, 9.5], "texture": "#0"},
				"south": {"uv": [10.75, 11, 11.25, 12], "texture": "#0"},
				"west": {"uv": [11.25, 3, 11.75, 4], "texture": "#0"},
				"up": {"uv": [3.75, 8, 3.25, 7.5], "texture": "#0"},
				"down": {"uv": [7.75, 8, 7.25, 8.5], "texture": "#0"}
			}
		},
		{
			"from": [6.75, 14.11065, 17.17174],
			"to": [9.25, 16.61065, 21.42174],
			"rotation": {"angle": 17.5, "axis": "x", "origin": [0.75, 7.86065, 16.92174]},
			"faces": {
				"north": {"uv": [11.75, 3, 12.5, 3.5], "texture": "#0"},
				"east": {"uv": [11, 9.5, 12, 10], "texture": "#0"},
				"south": {"uv": [3.25, 11.75, 4, 12.25], "texture": "#0"},
				"west": {"uv": [11.25, 4, 12.25, 4.5], "texture": "#0"},
				"up": {"uv": [1.75, 11.75, 1, 10.75], "texture": "#0"},
				"down": {"uv": [4.25, 10.75, 3.5, 11.75], "texture": "#0"}
			}
		},
		{
			"from": [-5.24728, 13.16813, 6.75],
			"to": [-1.24728, 15.66813, 9.25],
			"rotation": {"angle": 17.5, "axis": "z", "origin": [-1.99728, 6.91813, 0.75]},
			"faces": {
				"north": {"uv": [4.25, 11.25, 5.25, 11.75], "texture": "#0"},
				"east": {"uv": [11.75, 3.5, 12.5, 4], "texture": "#0"},
				"south": {"uv": [11.25, 4.5, 12.25, 5], "texture": "#0"},
				"west": {"uv": [4, 11.75, 4.75, 12.25], "texture": "#0"},
				"up": {"uv": [11.75, 11, 10.75, 10.25], "texture": "#0"},
				"down": {"uv": [1, 11, 0, 11.75], "texture": "#0"}
			}
		},
		{
			"from": [17.24728, 13.16813, 6.75],
			"to": [21.24728, 15.66813, 9.25],
			"rotation": {"angle": -17.5, "axis": "z", "origin": [17.99728, 6.91813, 0.75]},
			"faces": {
				"north": {"uv": [9.75, 11.25, 10.75, 11.75], "texture": "#0"},
				"east": {"uv": [4.75, 11.75, 5.5, 12.25], "texture": "#0"},
				"south": {"uv": [11.25, 11, 12.25, 11.5], "texture": "#0"},
				"west": {"uv": [5.5, 11.75, 6.25, 12.25], "texture": "#0"},
				"up": {"uv": [2.75, 11.75, 1.75, 11], "texture": "#0"},
				"down": {"uv": [6.5, 11, 5.5, 11.75], "texture": "#0"}
			}
		},
		{
			"from": [25.10798, 6.33801, 7.25],
			"to": [26.60798, 9.83801, 8.75],
			"rotation": {"angle": 32.5, "axis": "z", "origin": [18.35798, 6.58801, 0.75]},
			"faces": {
				"north": {"uv": [11.5, 5, 12, 6], "texture": "#0"},
				"east": {"uv": [11.5, 6, 12, 7], "texture": "#0"},
				"south": {"uv": [6.5, 11.5, 7, 12.5], "texture": "#0"},
				"west": {"uv": [7, 11.5, 7.5, 12.5], "texture": "#0"},
				"up": {"uv": [7.25, 10.5, 6.75, 10], "texture": "#0"},
				"down": {"uv": [10, 11.75, 9.5, 12.25], "texture": "#0"}
			}
		},
		{
			"from": [-10.60798, 6.33801, 7.25],
			"to": [-9.10798, 9.83801, 8.75],
			"rotation": {"angle": -32.5, "axis": "z", "origin": [-2.35798, 6.58801, 0.75]},
			"faces": {
				"north": {"uv": [11.5, 7, 12, 8], "texture": "#0"},
				"east": {"uv": [7.5, 11.5, 8, 12.5], "texture": "#0"},
				"south": {"uv": [8, 11.5, 8.5, 12.5], "texture": "#0"},
				"west": {"uv": [11.5, 8, 12, 9], "texture": "#0"},
				"up": {"uv": [10.5, 12.25, 10, 11.75], "texture": "#0"},
				"down": {"uv": [12.25, 10, 11.75, 10.5], "texture": "#0"}
			}
		},
		{
			"from": [-4.11512, 12.80368, 6.25],
			"to": [3.38488, 16.30368, 9.75],
			"rotation": {"angle": 0, "axis": "y", "origin": [0.38488, 7.05368, 15.25]},
			"faces": {
				"north": {"uv": [7.25, 5.5, 9.25, 6.5], "texture": "#0"},
				"east": {"uv": [3.5, 9.75, 4.5, 10.75], "texture": "#0"},
				"south": {"uv": [7.75, 6.5, 9.75, 7.5], "texture": "#0"},
				"west": {"uv": [0, 10, 1, 11], "texture": "#0"},
				"up": {"uv": [9.75, 8.5, 7.75, 7.5], "texture": "#0"},
				"down": {"uv": [10, 0, 8, 1], "texture": "#0"}
			}
		},
		{
			"from": [12.72277, 12.73326, 6.25],
			"to": [20.22277, 16.23326, 9.75],
			"rotation": {"angle": 0, "axis": "y", "origin": [15.72277, 6.98326, 15.25]},
			"faces": {
				"north": {"uv": [8, 1, 10, 2], "texture": "#0"},
				"east": {"uv": [5.75, 10, 6.75, 11], "texture": "#0"},
				"south": {"uv": [8, 2, 10, 3], "texture": "#0"},
				"west": {"uv": [10.25, 3, 11.25, 4], "texture": "#0"},
				"up": {"uv": [4.25, 9, 2.25, 8], "texture": "#0"},
				"down": {"uv": [6.25, 8, 4.25, 9], "texture": "#0"}
			}
		},
		{
			"from": [6.25, 13.02993, 13.26754],
			"to": [9.75, 16.52993, 20.76754],
			"rotation": {"angle": -5, "axis": "x", "origin": [0.75, 7.27993, 16.26754]},
			"faces": {
				"north": {"uv": [10.25, 4, 11.25, 5], "texture": "#0"},
				"east": {"uv": [8.25, 3, 10.25, 4], "texture": "#0"},
				"south": {"uv": [4.5, 10.25, 5.5, 11.25], "texture": "#0"},
				"west": {"uv": [8.25, 4, 10.25, 5], "texture": "#0"},
				"up": {"uv": [1, 10, 0, 8], "texture": "#0"},
				"down": {"uv": [7.25, 8, 6.25, 10], "texture": "#0"}
			}
		},
		{
			"from": [4, 4, 5.75],
			"to": [8.5, 11.25, 10.25],
			"rotation": {"angle": 40, "axis": "z", "origin": [-1, 6.75, 0.5]},
			"faces": {
				"north": {"uv": [5.5, 1.75, 6.75, 3.5], "texture": "#0"},
				"east": {"uv": [1.25, 5.75, 2.5, 7.5], "texture": "#0"},
				"south": {"uv": [2.5, 5.75, 3.75, 7.5], "texture": "#0"},
				"west": {"uv": [6, 3.5, 7.25, 5.25], "texture": "#0"},
				"up": {"uv": [3.5, 11, 2.25, 9.75], "texture": "#0"},
				"down": {"uv": [11, 6.5, 9.75, 7.75], "texture": "#0"}
			}
		},
		{
			"from": [5.75, 13.75, 10.75],
			"to": [10.25, 20.5, 15.25],
			"rotation": {"angle": 40, "axis": "x", "origin": [0.75, 16, 5.75]},
			"faces": {
				"north": {"uv": [6, 5.25, 7.25, 7], "texture": "#0"},
				"east": {"uv": [0, 6.25, 1.25, 8], "texture": "#0"},
				"south": {"uv": [6.75, 0, 8, 1.75], "texture": "#0"},
				"west": {"uv": [6.75, 1.75, 8, 3.5], "texture": "#0"},
				"up": {"uv": [11, 9, 9.75, 7.75], "texture": "#0"},
				"down": {"uv": [11, 9, 9.75, 10.25], "texture": "#0"}
			}
		},
		{
			"from": [3.5, 6, 3.5],
			"to": [12.5, 9, 12.5],
			"rotation": {"angle": 0, "axis": "y", "origin": [3, 7, 3]},
			"faces": {
				"north": {"uv": [7.25, 8.5, 9.5, 9.25], "texture": "#0"},
				"east": {"uv": [2.25, 9, 4.5, 9.75], "texture": "#0"},
				"south": {"uv": [9.25, 5, 11.5, 5.75], "texture": "#0"},
				"west": {"uv": [9.25, 5.75, 11.5, 6.5], "texture": "#0"},
				"up": {"uv": [2.25, 2.25, 0, 0], "texture": "#0"},
				"down": {"uv": [2.25, 2.25, 0, 4.5], "texture": "#0"}
			}
		},
		{
			"from": [4.25, 9, 4.25],
			"to": [11.75, 12, 11.75],
			"rotation": {"angle": 0, "axis": "y", "origin": [3, 10, 3]},
			"faces": {
				"north": {"uv": [10, 0, 12, 0.75], "texture": "#0"},
				"east": {"uv": [10, 0.75, 12, 1.5], "texture": "#0"},
				"south": {"uv": [10, 1.5, 12, 2.25], "texture": "#0"},
				"west": {"uv": [10, 2.25, 12, 3], "texture": "#0"},
				"up": {"uv": [4.25, 2, 2.25, 0], "texture": "#0"},
				"down": {"uv": [4.25, 2, 2.25, 4], "texture": "#0"}
			}
		},
		{
			"from": [6, 12, 6],
			"to": [10, 13.75, 10],
			"rotation": {"angle": 0, "axis": "y", "origin": [3, 13, 3]},
			"faces": {
				"north": {"uv": [8.5, 11.5, 9.5, 12], "texture": "#0"},
				"east": {"uv": [11.5, 9, 12.5, 9.5], "texture": "#0"},
				"south": {"uv": [11.25, 11.5, 12.25, 12], "texture": "#0"},
				"west": {"uv": [0, 11.75, 1, 12.25], "texture": "#0"},
				"up": {"uv": [10.75, 11.25, 9.75, 10.25], "texture": "#0"},
				"down": {"uv": [7.75, 10.5, 6.75, 11.5], "texture": "#0"}
			}
		},
		{
			"from": [7, 9, -9.75],
			"to": [9, 11, -7.75],
			"rotation": {"angle": 0, "axis": "y", "origin": [7, 9, -9.75]},
			"faces": {
				"north": {"uv": [11.75, 10.5, 12.25, 11], "texture": "#0"},
				"east": {"uv": [12, 0, 12.5, 0.5], "texture": "#0"},
				"south": {"uv": [12, 0.5, 12.5, 1], "texture": "#0"},
				"west": {"uv": [12, 1, 12.5, 1.5], "texture": "#0"},
				"up": {"uv": [12.5, 2, 12, 1.5], "texture": "#0"},
				"down": {"uv": [12.5, 2, 12, 2.5], "texture": "#0"}
			}
		},
		{
			"from": [-9.5, 9, 7],
			"to": [-7.5, 11, 9],
			"rotation": {"angle": 0, "axis": "y", "origin": [-9.5, 9, 7]},
			"faces": {
				"north": {"uv": [2.5, 12, 3, 12.5], "texture": "#0"},
				"east": {"uv": [12, 2.5, 12.5, 3], "texture": "#0"},
				"south": {"uv": [12, 5, 12.5, 5.5], "texture": "#0"},
				"west": {"uv": [12, 5.5, 12.5, 6], "texture": "#0"},
				"up": {"uv": [12.5, 6.5, 12, 6], "texture": "#0"},
				"down": {"uv": [12.5, 6.5, 12, 7], "texture": "#0"}
			}
		},
		{
			"from": [-9.25, 10.25, 9],
			"to": [-8.75, 10.75, 9.25],
			"rotation": {"angle": 0, "axis": "y", "origin": [-10, 9.5, 7.25]},
			"faces": {
				"north": {"uv": [9.5, 9, 9.75, 9.25], "texture": "#0"},
				"east": {"uv": [5.5, 10.75, 5.75, 11], "texture": "#0"},
				"south": {"uv": [6.5, 11, 6.75, 11.25], "texture": "#0"},
				"west": {"uv": [5.25, 11.25, 5.5, 11.5], "texture": "#0"},
				"up": {"uv": [6.75, 11.5, 6.5, 11.25], "texture": "#0"},
				"down": {"uv": [3.5, 11.5, 3.25, 11.75], "texture": "#0"}
			}
		},
		{
			"from": [-8.25, 10.25, 9],
			"to": [-7.75, 10.75, 9.25],
			"rotation": {"angle": 0, "axis": "y", "origin": [-9, 9.5, 7.25]},
			"faces": {
				"north": {"uv": [5.25, 11.5, 5.5, 11.75], "texture": "#0"},
				"east": {"uv": [9.5, 11.5, 9.75, 11.75], "texture": "#0"},
				"south": {"uv": [11.5, 10, 11.75, 10.25], "texture": "#0"},
				"west": {"uv": [2.5, 11.75, 2.75, 12], "texture": "#0"},
				"up": {"uv": [6.5, 12, 6.25, 11.75], "texture": "#0"},
				"down": {"uv": [10.75, 11.75, 10.5, 12], "texture": "#0"}
			}
		},
		{
			"from": [-8, 9.5, 9],
			"to": [-7.75, 9.75, 9.25],
			"rotation": {"angle": 0, "axis": "y", "origin": [-9, 8.75, 7.25]},
			"faces": {
				"north": {"uv": [3, 12, 3.25, 12.25], "texture": "#0"},
				"east": {"uv": [6.25, 12, 6.5, 12.25], "texture": "#0"},
				"south": {"uv": [12.25, 10.25, 12.5, 10.5], "texture": "#0"},
				"west": {"uv": [12.25, 10.5, 12.5, 10.75], "texture": "#0"},
				"up": {"uv": [12.5, 11, 12.25, 10.75], "texture": "#0"},
				"down": {"uv": [12.5, 11, 12.25, 11.25], "texture": "#0"}
			}
		},
		{
			"from": [-9.25, 9.5, 9],
			"to": [-9, 9.75, 9.25],
			"rotation": {"angle": 0, "axis": "y", "origin": [-10, 8.75, 7.25]},
			"faces": {
				"north": {"uv": [12.25, 11.25, 12.5, 11.5], "texture": "#0"},
				"east": {"uv": [12.25, 11.5, 12.5, 11.75], "texture": "#0"},
				"south": {"uv": [12.25, 11.75, 12.5, 12], "texture": "#0"},
				"west": {"uv": [12.5, 0, 12.75, 0.25], "texture": "#0"},
				"up": {"uv": [12.75, 0.5, 12.5, 0.25], "texture": "#0"},
				"down": {"uv": [0.75, 12.5, 0.5, 12.75], "texture": "#0"}
			}
		},
		{
			"from": [-9.25, 9.25, 9],
			"to": [-7.75, 9.5, 9.25],
			"rotation": {"angle": 0, "axis": "y", "origin": [-10, 8.5, 7.25]},
			"faces": {
				"north": {"uv": [1.25, 5.5, 1.75, 5.75], "texture": "#0"},
				"east": {"uv": [12.5, 0.5, 12.75, 0.75], "texture": "#0"},
				"south": {"uv": [1.75, 5.5, 2.25, 5.75], "texture": "#0"},
				"west": {"uv": [0.75, 12.5, 1, 12.75], "texture": "#0"},
				"up": {"uv": [4.25, 7, 3.75, 6.75], "texture": "#0"},
				"down": {"uv": [4.75, 6.75, 4.25, 7], "texture": "#0"}
			}
		},
		{
			"from": [-8, 9.25, 6.75],
			"to": [-7.75, 9.5, 7],
			"rotation": {"angle": 0, "axis": "y", "origin": [-9, 8.5, 5]},
			"faces": {
				"north": {"uv": [12.5, 0.75, 12.75, 1], "texture": "#0"},
				"east": {"uv": [1, 12.5, 1.25, 12.75], "texture": "#0"},
				"south": {"uv": [12.5, 1, 12.75, 1.25], "texture": "#0"},
				"west": {"uv": [1.25, 12.5, 1.5, 12.75], "texture": "#0"},
				"up": {"uv": [12.75, 1.5, 12.5, 1.25], "texture": "#0"},
				"down": {"uv": [1.75, 12.5, 1.5, 12.75], "texture": "#0"}
			}
		},
		{
			"from": [-9.25, 9.5, 6.75],
			"to": [-7.75, 9.75, 7],
			"rotation": {"angle": 0, "axis": "y", "origin": [-10, 8.75, 5]},
			"faces": {
				"north": {"uv": [1.75, 10.75, 2.25, 11], "texture": "#0"},
				"east": {"uv": [12.5, 1.5, 12.75, 1.75], "texture": "#0"},
				"south": {"uv": [11, 10, 11.5, 10.25], "texture": "#0"},
				"west": {"uv": [1.75, 12.5, 2, 12.75], "texture": "#0"},
				"up": {"uv": [1, 12.5, 0.5, 12.25], "texture": "#0"},
				"down": {"uv": [1.5, 12.25, 1, 12.5], "texture": "#0"}
			}
		},
		{
			"from": [-9.25, 9.25, 6.75],
			"to": [-9, 9.5, 7],
			"rotation": {"angle": 0, "axis": "y", "origin": [-10, 8.5, 5]},
			"faces": {
				"north": {"uv": [12.5, 1.75, 12.75, 2], "texture": "#0"},
				"east": {"uv": [2, 12.5, 2.25, 12.75], "texture": "#0"},
				"south": {"uv": [12.5, 2, 12.75, 2.25], "texture": "#0"},
				"west": {"uv": [2.25, 12.5, 2.5, 12.75], "texture": "#0"},
				"up": {"uv": [12.75, 2.5, 12.5, 2.25], "texture": "#0"},
				"down": {"uv": [2.75, 12.5, 2.5, 12.75], "texture": "#0"}
			}
		},
		{
			"from": [-9.25, 10.25, 6.75],
			"to": [-8.75, 10.75, 7],
			"rotation": {"angle": 0, "axis": "y", "origin": [-10, 9.5, 5]},
			"faces": {
				"north": {"uv": [12.5, 2.5, 12.75, 2.75], "texture": "#0"},
				"east": {"uv": [2.75, 12.5, 3, 12.75], "texture": "#0"},
				"south": {"uv": [12.5, 2.75, 12.75, 3], "texture": "#0"},
				"west": {"uv": [3, 12.5, 3.25, 12.75], "texture": "#0"},
				"up": {"uv": [12.75, 3.25, 12.5, 3], "texture": "#0"},
				"down": {"uv": [3.5, 12.5, 3.25, 12.75], "texture": "#0"}
			}
		},
		{
			"from": [-8.25, 10.25, 6.75],
			"to": [-7.75, 10.75, 7],
			"rotation": {"angle": 0, "axis": "y", "origin": [-9, 9.5, 5]},
			"faces": {
				"north": {"uv": [12.5, 3.25, 12.75, 3.5], "texture": "#0"},
				"east": {"uv": [3.5, 12.5, 3.75, 12.75], "texture": "#0"},
				"south": {"uv": [12.5, 3.5, 12.75, 3.75], "texture": "#0"},
				"west": {"uv": [3.75, 12.5, 4, 12.75], "texture": "#0"},
				"up": {"uv": [12.75, 4, 12.5, 3.75], "texture": "#0"},
				"down": {"uv": [4.25, 12.5, 4, 12.75], "texture": "#0"}
			}
		},
		{
			"from": [24.75, 10.25, 9],
			"to": [25.25, 10.75, 9.25],
			"rotation": {"angle": 0, "axis": "y", "origin": [26, 9.5, 7.25]},
			"faces": {
				"north": {"uv": [4.25, 12.5, 4.5, 12.75], "texture": "#0"},
				"east": {"uv": [4.5, 12.5, 4.75, 12.75], "texture": "#0"},
				"south": {"uv": [4.75, 12.5, 5, 12.75], "texture": "#0"},
				"west": {"uv": [5, 12.5, 5.25, 12.75], "texture": "#0"},
				"up": {"uv": [12.75, 5.25, 12.5, 5], "texture": "#0"},
				"down": {"uv": [5.5, 12.5, 5.25, 12.75], "texture": "#0"}
			}
		},
		{
			"from": [23.75, 10.25, 9],
			"to": [24.25, 10.75, 9.25],
			"rotation": {"angle": 0, "axis": "y", "origin": [25, 9.5, 7.25]},
			"faces": {
				"north": {"uv": [12.5, 5.25, 12.75, 5.5], "texture": "#0"},
				"east": {"uv": [5.5, 12.5, 5.75, 12.75], "texture": "#0"},
				"south": {"uv": [12.5, 5.5, 12.75, 5.75], "texture": "#0"},
				"west": {"uv": [5.75, 12.5, 6, 12.75], "texture": "#0"},
				"up": {"uv": [12.75, 6, 12.5, 5.75], "texture": "#0"},
				"down": {"uv": [6.25, 12.5, 6, 12.75], "texture": "#0"}
			}
		},
		{
			"from": [23.75, 9.5, 9],
			"to": [24, 9.75, 9.25],
			"rotation": {"angle": 0, "axis": "y", "origin": [25, 8.75, 7.25]},
			"faces": {
				"north": {"uv": [12.5, 6, 12.75, 6.25], "texture": "#0"},
				"east": {"uv": [6.25, 12.5, 6.5, 12.75], "texture": "#0"},
				"south": {"uv": [12.5, 6.25, 12.75, 6.5], "texture": "#0"},
				"west": {"uv": [6.5, 12.5, 6.75, 12.75], "texture": "#0"},
				"up": {"uv": [12.75, 6.75, 12.5, 6.5], "texture": "#0"},
				"down": {"uv": [7, 12.5, 6.75, 12.75], "texture": "#0"}
			}
		},
		{
			"from": [25, 9.5, 9],
			"to": [25.25, 9.75, 9.25],
			"rotation": {"angle": 0, "axis": "y", "origin": [26, 8.75, 7.25]},
			"faces": {
				"north": {"uv": [12.5, 6.75, 12.75, 7], "texture": "#0"},
				"east": {"uv": [7, 12.5, 7.25, 12.75], "texture": "#0"},
				"south": {"uv": [12.5, 7, 12.75, 7.25], "texture": "#0"},
				"west": {"uv": [7.25, 12.5, 7.5, 12.75], "texture": "#0"},
				"up": {"uv": [12.75, 7.5, 12.5, 7.25], "texture": "#0"},
				"down": {"uv": [7.75, 12.5, 7.5, 12.75], "texture": "#0"}
			}
		},
		{
			"from": [23.75, 9.25, 9],
			"to": [25.25, 9.5, 9.25],
			"rotation": {"angle": 0, "axis": "y", "origin": [26, 8.5, 7.25]},
			"faces": {
				"north": {"uv": [1.5, 12.25, 2, 12.5], "texture": "#0"},
				"east": {"uv": [12.5, 7.5, 12.75, 7.75], "texture": "#0"},
				"south": {"uv": [2, 12.25, 2.5, 12.5], "texture": "#0"},
				"west": {"uv": [7.75, 12.5, 8, 12.75], "texture": "#0"},
				"up": {"uv": [3.5, 12.5, 3, 12.25], "texture": "#0"},
				"down": {"uv": [4, 12.25, 3.5, 12.5], "texture": "#0"}
			}
		},
		{
			"from": [9, 10.25, 24],
			"to": [9.25, 10.75, 24.5],
			"rotation": {"angle": 0, "axis": "y", "origin": [12, 9.5, 22.25]},
			"faces": {
				"north": {"uv": [12.5, 7.75, 12.75, 8], "texture": "#0"},
				"east": {"uv": [8, 12.5, 8.25, 12.75], "texture": "#0"},
				"south": {"uv": [12.5, 8, 12.75, 8.25], "texture": "#0"},
				"west": {"uv": [8.25, 12.5, 8.5, 12.75], "texture": "#0"},
				"up": {"uv": [12.75, 8.5, 12.5, 8.25], "texture": "#0"},
				"down": {"uv": [8.75, 12.5, 8.5, 12.75], "texture": "#0"}
			}
		},
		{
			"from": [9, 10.25, 25],
			"to": [9.25, 10.75, 25.5],
			"rotation": {"angle": 0, "axis": "y", "origin": [12, 9.5, 23.25]},
			"faces": {
				"north": {"uv": [12.5, 8.5, 12.75, 8.75], "texture": "#0"},
				"east": {"uv": [8.75, 12.5, 9, 12.75], "texture": "#0"},
				"south": {"uv": [12.5, 8.75, 12.75, 9], "texture": "#0"},
				"west": {"uv": [9, 12.5, 9.25, 12.75], "texture": "#0"},
				"up": {"uv": [12.75, 9.25, 12.5, 9], "texture": "#0"},
				"down": {"uv": [9.5, 12.5, 9.25, 12.75], "texture": "#0"}
			}
		},
		{
			"from": [9, 9.5, 24],
			"to": [9.25, 9.75, 24.25],
			"rotation": {"angle": 0, "axis": "y", "origin": [10.25, 8.75, 22.25]},
			"faces": {
				"north": {"uv": [12.5, 9.25, 12.75, 9.5], "texture": "#0"},
				"east": {"uv": [9.5, 12.5, 9.75, 12.75], "texture": "#0"},
				"south": {"uv": [12.5, 9.5, 12.75, 9.75], "texture": "#0"},
				"west": {"uv": [9.75, 12.5, 10, 12.75], "texture": "#0"},
				"up": {"uv": [12.75, 10, 12.5, 9.75], "texture": "#0"},
				"down": {"uv": [10.25, 12.5, 10, 12.75], "texture": "#0"}
			}
		},
		{
			"from": [9, 9.5, 25.25],
			"to": [9.25, 9.75, 25.5],
			"rotation": {"angle": 0, "axis": "y", "origin": [10.25, 8.75, 23.5]},
			"faces": {
				"north": {"uv": [10.25, 12.5, 10.5, 12.75], "texture": "#0"},
				"east": {"uv": [12.5, 10.25, 12.75, 10.5], "texture": "#0"},
				"south": {"uv": [10.5, 12.5, 10.75, 12.75], "texture": "#0"},
				"west": {"uv": [12.5, 10.5, 12.75, 10.75], "texture": "#0"},
				"up": {"uv": [11, 12.75, 10.75, 12.5], "texture": "#0"},
				"down": {"uv": [12.75, 10.75, 12.5, 11], "texture": "#0"}
			}
		},
		{
			"from": [9, 9.25, 24],
			"to": [9.25, 9.5, 25.5],
			"rotation": {"angle": 0, "axis": "y", "origin": [10.25, 8.5, 22.25]},
			"faces": {
				"north": {"uv": [11, 12.5, 11.25, 12.75], "texture": "#0"},
				"east": {"uv": [4, 12.25, 4.5, 12.5], "texture": "#0"},
				"south": {"uv": [12.5, 11, 12.75, 11.25], "texture": "#0"},
				"west": {"uv": [12.25, 4, 12.75, 4.25], "texture": "#0"},
				"up": {"uv": [1.25, 8.5, 1, 8], "texture": "#0"},
				"down": {"uv": [8.25, 3, 8, 3.5], "texture": "#0"}
			}
		},
		{
			"from": [6.75, 9.25, 25.25],
			"to": [7, 9.5, 25.5],
			"rotation": {"angle": 0, "axis": "y", "origin": [5.75, 8.5, 23.5]},
			"faces": {
				"north": {"uv": [11.25, 12.5, 11.5, 12.75], "texture": "#0"},
				"east": {"uv": [12.5, 11.25, 12.75, 11.5], "texture": "#0"},
				"south": {"uv": [11.5, 12.5, 11.75, 12.75], "texture": "#0"},
				"west": {"uv": [12.5, 11.5, 12.75, 11.75], "texture": "#0"},
				"up": {"uv": [12, 12.75, 11.75, 12.5], "texture": "#0"},
				"down": {"uv": [12.75, 11.75, 12.5, 12], "texture": "#0"}
			}
		},
		{
			"from": [6.75, 9.5, 24],
			"to": [7, 9.75, 25.5],
			"rotation": {"angle": 0, "axis": "y", "origin": [5.75, 8.75, 22.25]},
			"faces": {
				"north": {"uv": [12, 12.5, 12.25, 12.75], "texture": "#0"},
				"east": {"uv": [12.25, 4.25, 12.75, 4.5], "texture": "#0"},
				"south": {"uv": [12.5, 12, 12.75, 12.25], "texture": "#0"},
				"west": {"uv": [4.5, 12.25, 5, 12.5], "texture": "#0"},
				"up": {"uv": [1.25, 9, 1, 8.5], "texture": "#0"},
				"down": {"uv": [1.25, 9, 1, 9.5], "texture": "#0"}
			}
		},
		{
			"from": [6.75, 9.25, 24],
			"to": [7, 9.5, 24.25],
			"rotation": {"angle": 0, "axis": "y", "origin": [5.75, 8.5, 22.25]},
			"faces": {
				"north": {"uv": [12.25, 12.5, 12.5, 12.75], "texture": "#0"},
				"east": {"uv": [12.5, 12.25, 12.75, 12.5], "texture": "#0"},
				"south": {"uv": [12.5, 12.5, 12.75, 12.75], "texture": "#0"},
				"west": {"uv": [0, 12.75, 0.25, 13], "texture": "#0"},
				"up": {"uv": [13, 0.25, 12.75, 0], "texture": "#0"},
				"down": {"uv": [0.5, 12.75, 0.25, 13], "texture": "#0"}
			}
		},
		{
			"from": [6.75, 10.25, 24],
			"to": [7, 10.75, 24.5],
			"rotation": {"angle": 0, "axis": "y", "origin": [4, 9.5, 22.25]},
			"faces": {
				"north": {"uv": [12.75, 0.25, 13, 0.5], "texture": "#0"},
				"east": {"uv": [0.5, 12.75, 0.75, 13], "texture": "#0"},
				"south": {"uv": [12.75, 0.5, 13, 0.75], "texture": "#0"},
				"west": {"uv": [0.75, 12.75, 1, 13], "texture": "#0"},
				"up": {"uv": [13, 1, 12.75, 0.75], "texture": "#0"},
				"down": {"uv": [1.25, 12.75, 1, 13], "texture": "#0"}
			}
		},
		{
			"from": [6.75, 10.25, 25],
			"to": [7, 10.75, 25.5],
			"rotation": {"angle": 0, "axis": "y", "origin": [4, 9.5, 23.25]},
			"faces": {
				"north": {"uv": [12.75, 1, 13, 1.25], "texture": "#0"},
				"east": {"uv": [1.25, 12.75, 1.5, 13], "texture": "#0"},
				"south": {"uv": [12.75, 1.25, 13, 1.5], "texture": "#0"},
				"west": {"uv": [1.5, 12.75, 1.75, 13], "texture": "#0"},
				"up": {"uv": [13, 1.75, 12.75, 1.5], "texture": "#0"},
				"down": {"uv": [2, 12.75, 1.75, 13], "texture": "#0"}
			}
		},
		{
			"from": [6.75, 9.25, -8.25],
			"to": [7, 9.5, -8],
			"rotation": {"angle": 0, "axis": "y", "origin": [5.75, 8.5, -6.25]},
			"faces": {
				"north": {"uv": [12.75, 1.75, 13, 2], "texture": "#0"},
				"east": {"uv": [2, 12.75, 2.25, 13], "texture": "#0"},
				"south": {"uv": [12.75, 2, 13, 2.25], "texture": "#0"},
				"west": {"uv": [2.25, 12.75, 2.5, 13], "texture": "#0"},
				"up": {"uv": [13, 2.5, 12.75, 2.25], "texture": "#0"},
				"down": {"uv": [2.75, 12.75, 2.5, 13], "texture": "#0"}
			}
		},
		{
			"from": [6.75, 9.25, -9.5],
			"to": [7, 9.5, -9.25],
			"rotation": {"angle": 0, "axis": "y", "origin": [5.75, 8.5, -7.5]},
			"faces": {
				"north": {"uv": [12.75, 2.5, 13, 2.75], "texture": "#0"},
				"east": {"uv": [2.75, 12.75, 3, 13], "texture": "#0"},
				"south": {"uv": [12.75, 2.75, 13, 3], "texture": "#0"},
				"west": {"uv": [3, 12.75, 3.25, 13], "texture": "#0"},
				"up": {"uv": [13, 3.25, 12.75, 3], "texture": "#0"},
				"down": {"uv": [3.5, 12.75, 3.25, 13], "texture": "#0"}
			}
		},
		{
			"from": [6.75, 9.5, -9.5],
			"to": [7, 9.75, -8],
			"rotation": {"angle": 0, "axis": "y", "origin": [5.75, 8.75, -6.25]},
			"faces": {
				"north": {"uv": [12.75, 3.25, 13, 3.5], "texture": "#0"},
				"east": {"uv": [12.25, 4.5, 12.75, 4.75], "texture": "#0"},
				"south": {"uv": [3.5, 12.75, 3.75, 13], "texture": "#0"},
				"west": {"uv": [12.25, 4.75, 12.75, 5], "texture": "#0"},
				"up": {"uv": [9.75, 9, 9.5, 8.5], "texture": "#0"},
				"down": {"uv": [5.75, 10.25, 5.5, 10.75], "texture": "#0"}
			}
		},
		{
			"from": [6.75, 10.25, -8.5],
			"to": [7, 10.75, -8],
			"rotation": {"angle": 0, "axis": "y", "origin": [4, 9.5, -6.25]},
			"faces": {
				"north": {"uv": [12.75, 3.5, 13, 3.75], "texture": "#0"},
				"east": {"uv": [3.75, 12.75, 4, 13], "texture": "#0"},
				"south": {"uv": [12.75, 3.75, 13, 4], "texture": "#0"},
				"west": {"uv": [4, 12.75, 4.25, 13], "texture": "#0"},
				"up": {"uv": [13, 4.25, 12.75, 4], "texture": "#0"},
				"down": {"uv": [4.5, 12.75, 4.25, 13], "texture": "#0"}
			}
		},
		{
			"from": [6.75, 10.25, -9.5],
			"to": [7, 10.75, -9],
			"rotation": {"angle": 0, "axis": "y", "origin": [4, 9.5, -7.25]},
			"faces": {
				"north": {"uv": [12.75, 4.25, 13, 4.5], "texture": "#0"},
				"east": {"uv": [4.5, 12.75, 4.75, 13], "texture": "#0"},
				"south": {"uv": [12.75, 4.5, 13, 4.75], "texture": "#0"},
				"west": {"uv": [4.75, 12.75, 5, 13], "texture": "#0"},
				"up": {"uv": [13, 5, 12.75, 4.75], "texture": "#0"},
				"down": {"uv": [5.25, 12.75, 5, 13], "texture": "#0"}
			}
		},
		{
			"from": [9, 10.25, -9.5],
			"to": [9.25, 10.75, -9],
			"rotation": {"angle": 0, "axis": "y", "origin": [12, 9.5, -7.25]},
			"faces": {
				"north": {"uv": [12.75, 5, 13, 5.25], "texture": "#0"},
				"east": {"uv": [5.25, 12.75, 5.5, 13], "texture": "#0"},
				"south": {"uv": [12.75, 5.25, 13, 5.5], "texture": "#0"},
				"west": {"uv": [5.5, 12.75, 5.75, 13], "texture": "#0"},
				"up": {"uv": [13, 5.75, 12.75, 5.5], "texture": "#0"},
				"down": {"uv": [6, 12.75, 5.75, 13], "texture": "#0"}
			}
		},
		{
			"from": [9, 10.25, -8.5],
			"to": [9.25, 10.75, -8],
			"rotation": {"angle": 0, "axis": "y", "origin": [12, 9.5, -6.25]},
			"faces": {
				"north": {"uv": [12.75, 5.75, 13, 6], "texture": "#0"},
				"east": {"uv": [6, 12.75, 6.25, 13], "texture": "#0"},
				"south": {"uv": [12.75, 6, 13, 6.25], "texture": "#0"},
				"west": {"uv": [6.25, 12.75, 6.5, 13], "texture": "#0"},
				"up": {"uv": [13, 6.5, 12.75, 6.25], "texture": "#0"},
				"down": {"uv": [6.75, 12.75, 6.5, 13], "texture": "#0"}
			}
		},
		{
			"from": [9, 9.5, -8.25],
			"to": [9.25, 9.75, -8],
			"rotation": {"angle": 0, "axis": "y", "origin": [10.25, 8.75, -6.25]},
			"faces": {
				"north": {"uv": [12.75, 6.5, 13, 6.75], "texture": "#0"},
				"east": {"uv": [6.75, 12.75, 7, 13], "texture": "#0"},
				"south": {"uv": [12.75, 6.75, 13, 7], "texture": "#0"},
				"west": {"uv": [7, 12.75, 7.25, 13], "texture": "#0"},
				"up": {"uv": [13, 7.25, 12.75, 7], "texture": "#0"},
				"down": {"uv": [7.5, 12.75, 7.25, 13], "texture": "#0"}
			}
		},
		{
			"from": [9, 9.25, -9.5],
			"to": [9.25, 9.5, -8],
			"rotation": {"angle": 0, "axis": "y", "origin": [10.25, 8.5, -6.25]},
			"faces": {
				"north": {"uv": [12.75, 7.25, 13, 7.5], "texture": "#0"},
				"east": {"uv": [5, 12.25, 5.5, 12.5], "texture": "#0"},
				"south": {"uv": [7.5, 12.75, 7.75, 13], "texture": "#0"},
				"west": {"uv": [5.5, 12.25, 6, 12.5], "texture": "#0"},
				"up": {"uv": [4.5, 11.25, 4.25, 10.75], "texture": "#0"},
				"down": {"uv": [3.5, 11, 3.25, 11.5], "texture": "#0"}
			}
		},
		{
			"from": [9, 9.5, -9.5],
			"to": [9.25, 9.75, -9.25],
			"rotation": {"angle": 0, "axis": "y", "origin": [10.25, 8.75, -7.5]},
			"faces": {
				"north": {"uv": [12.75, 7.5, 13, 7.75], "texture": "#0"},
				"east": {"uv": [7.75, 12.75, 8, 13], "texture": "#0"},
				"south": {"uv": [12.75, 7.75, 13, 8], "texture": "#0"},
				"west": {"uv": [8, 12.75, 8.25, 13], "texture": "#0"},
				"up": {"uv": [13, 8.25, 12.75, 8], "texture": "#0"},
				"down": {"uv": [8.5, 12.75, 8.25, 13], "texture": "#0"}
			}
		},
		{
			"from": [23.75, 9.25, 6.75],
			"to": [24, 9.5, 7],
			"rotation": {"angle": 0, "axis": "y", "origin": [25, 8.5, 5]},
			"faces": {
				"north": {"uv": [12.75, 8.25, 13, 8.5], "texture": "#0"},
				"east": {"uv": [8.5, 12.75, 8.75, 13], "texture": "#0"},
				"south": {"uv": [12.75, 8.5, 13, 8.75], "texture": "#0"},
				"west": {"uv": [8.75, 12.75, 9, 13], "texture": "#0"},
				"up": {"uv": [13, 9, 12.75, 8.75], "texture": "#0"},
				"down": {"uv": [9.25, 12.75, 9, 13], "texture": "#0"}
			}
		},
		{
			"from": [23.75, 9.5, 6.75],
			"to": [25.25, 9.75, 7],
			"rotation": {"angle": 0, "axis": "y", "origin": [26, 8.75, 5]},
			"faces": {
				"north": {"uv": [6, 12.25, 6.5, 12.5], "texture": "#0"},
				"east": {"uv": [12.75, 9, 13, 9.25], "texture": "#0"},
				"south": {"uv": [9.5, 12.25, 10, 12.5], "texture": "#0"},
				"west": {"uv": [9.25, 12.75, 9.5, 13], "texture": "#0"},
				"up": {"uv": [10.5, 12.5, 10, 12.25], "texture": "#0"},
				"down": {"uv": [12.75, 10, 12.25, 10.25], "texture": "#0"}
			}
		},
		{
			"from": [25, 9.25, 6.75],
			"to": [25.25, 9.5, 7],
			"rotation": {"angle": 0, "axis": "y", "origin": [26, 8.5, 5]},
			"faces": {
				"north": {"uv": [12.75, 9.25, 13, 9.5], "texture": "#0"},
				"east": {"uv": [9.5, 12.75, 9.75, 13], "texture": "#0"},
				"south": {"uv": [12.75, 9.5, 13, 9.75], "texture": "#0"},
				"west": {"uv": [9.75, 12.75, 10, 13], "texture": "#0"},
				"up": {"uv": [13, 10, 12.75, 9.75], "texture": "#0"},
				"down": {"uv": [10.25, 12.75, 10, 13], "texture": "#0"}
			}
		},
		{
			"from": [24.75, 10.25, 6.75],
			"to": [25.25, 10.75, 7],
			"rotation": {"angle": 0, "axis": "y", "origin": [26, 9.5, 5]},
			"faces": {
				"north": {"uv": [12.75, 10, 13, 10.25], "texture": "#0"},
				"east": {"uv": [10.25, 12.75, 10.5, 13], "texture": "#0"},
				"south": {"uv": [12.75, 10.25, 13, 10.5], "texture": "#0"},
				"west": {"uv": [10.5, 12.75, 10.75, 13], "texture": "#0"},
				"up": {"uv": [13, 10.75, 12.75, 10.5], "texture": "#0"},
				"down": {"uv": [11, 12.75, 10.75, 13], "texture": "#0"}
			}
		},
		{
			"from": [23.75, 10.25, 6.75],
			"to": [24.25, 10.75, 7],
			"rotation": {"angle": 0, "axis": "y", "origin": [25, 9.5, 5]},
			"faces": {
				"north": {"uv": [12.75, 10.75, 13, 11], "texture": "#0"},
				"east": {"uv": [11, 12.75, 11.25, 13], "texture": "#0"},
				"south": {"uv": [12.75, 11, 13, 11.25], "texture": "#0"},
				"west": {"uv": [11.25, 12.75, 11.5, 13], "texture": "#0"},
				"up": {"uv": [13, 11.5, 12.75, 11.25], "texture": "#0"},
				"down": {"uv": [11.75, 12.75, 11.5, 13], "texture": "#0"}
			}
		},
		{
			"from": [23.5, 9, 7],
			"to": [25.5, 11, 9],
			"rotation": {"angle": 0, "axis": "y", "origin": [25.5, 9, 7]},
			"faces": {
				"north": {"uv": [12, 7, 12.5, 7.5], "texture": "#0"},
				"east": {"uv": [12, 7.5, 12.5, 8], "texture": "#0"},
				"south": {"uv": [12, 8, 12.5, 8.5], "texture": "#0"},
				"west": {"uv": [8.5, 12, 9, 12.5], "texture": "#0"},
				"up": {"uv": [12.5, 9, 12, 8.5], "texture": "#0"},
				"down": {"uv": [9.5, 12, 9, 12.5], "texture": "#0"}
			}
		},
		{
			"from": [7, 9, 23.75],
			"to": [9, 11, 25.75],
			"rotation": {"angle": 0, "axis": "y", "origin": [7, 9, 25.75]},
			"faces": {
				"north": {"uv": [12, 9.5, 12.5, 10], "texture": "#0"},
				"east": {"uv": [10.5, 12, 11, 12.5], "texture": "#0"},
				"south": {"uv": [11, 12, 11.5, 12.5], "texture": "#0"},
				"west": {"uv": [11.5, 12, 12, 12.5], "texture": "#0"},
				"up": {"uv": [12.5, 12.5, 12, 12], "texture": "#0"},
				"down": {"uv": [0.5, 12.25, 0, 12.75], "texture": "#0"}
			}
		}
	],
	"display": {
		"thirdperson_righthand": {
			"rotation": [0, -40, 0],
			"scale": [0.5, 0.5, 0.5]
		},
		"thirdperson_lefthand": {
			"rotation": [0, -40, 0],
			"scale": [0.5, 0.5, 0.5]
		},
		"gui": {
			"rotation": [31, -43, -3],
			"translation": [0, -1.5, 0],
			"scale": [0.56, 0.56, 0.56]
		},
		"head": {
			"rotation": [8, -9, -8],
			"translation": [1, 5.75, 0],
			"scale": [1.81, 1.81, 1.81]
		},
		"fixed": {
			"rotation": [-90, -45, 0],
			"translation": [0, 0, -2.75],
			"scale": [1.4, 1.4, 1.4]
		}
	}
}