{
	"format_version": "1.21.6",
	"credit": "Made by BearBruno",
	"texture_size": [32, 32],
	"textures": {
		"0": "item/hats/miin_frog_texture",
		"particle": "item/hats/miin_frog_texture"
	},
	"elements": [
		{
			"from": [5.45, 1.95, 4.95],
			"to": [10.55, 6.05, 12.05],
			"rotation": {"angle": 15, "axis": "x", "origin": [5.5, 2, 5]},
			"faces": {
				"north": {"uv": [3, 5.5, 5.5, 7.5], "texture": "#0"},
				"east": {"uv": [0, 3.5, 3.5, 5.5], "texture": "#0"},
				"south": {"uv": [5.5, 5.5, 8, 7.5], "texture": "#0"},
				"west": {"uv": [3.5, 3.5, 7, 5.5], "texture": "#0"},
				"up": {"uv": [2.5, 3.5, 0, 0], "texture": "#0"},
				"down": {"uv": [5, 0, 2.5, 3.5], "texture": "#0"}
			}
		},
		{
			"from": [5.5, 3.75, 3],
			"to": [10.5, 5.75, 6.5],
			"rotation": {"angle": 0, "axis": "y", "origin": [5.5, 3.75, 5]},
			"faces": {
				"north": {"uv": [7, 4, 9.5, 5], "texture": "#0"},
				"east": {"uv": [8, 7, 9.75, 8], "texture": "#0"},
				"south": {"uv": [2.5, 7.5, 5, 8.5], "texture": "#0"},
				"west": {"uv": [8, 8, 9.75, 9], "texture": "#0"},
				"up": {"uv": [9.5, 3.75, 7, 2], "texture": "#0"},
				"down": {"uv": [2.5, 7.5, 0, 9.25], "texture": "#0"}
			}
		},
		{
			"from": [9, 4.75, 4],
			"to": [10.75, 6.5, 5.75],
			"rotation": {"angle": 0, "axis": "y", "origin": [5.5, 5.75, 5]},
			"faces": {
				"north": {"uv": [11, 5.5, 11.75, 6], "texture": "#0"},
				"east": {"uv": [7, 5, 8, 5.5], "texture": "#0"},
				"south": {"uv": [11, 6, 11.75, 6.5], "texture": "#0"},
				"west": {"uv": [8, 1.5, 9, 2], "texture": "#0"},
				"up": {"uv": [10.25, 5, 9.5, 4], "texture": "#0"},
				"down": {"uv": [7.25, 10, 6.5, 11], "texture": "#0"}
			}
		},
		{
			"from": [5.25, 4.75, 4],
			"to": [7, 6.5, 5.75],
			"rotation": {"angle": 0, "axis": "y", "origin": [2, 5.75, 5]},
			"faces": {
				"north": {"uv": [11, 6.5, 11.75, 7], "texture": "#0"},
				"east": {"uv": [10.5, 4, 11.5, 4.5], "texture": "#0"},
				"south": {"uv": [7, 11, 7.75, 11.5], "texture": "#0"},
				"west": {"uv": [10.5, 4.5, 11.5, 5], "texture": "#0"},
				"up": {"uv": [10.75, 8, 10, 7], "texture": "#0"},
				"down": {"uv": [8.25, 10, 7.5, 11], "texture": "#0"}
			}
		},
		{
			"from": [5.25, 2.5, 2.75],
			"to": [10.75, 3.75, 6.5],
			"rotation": {"angle": 0, "axis": "y", "origin": [5.5, 2.5, 5]},
			"faces": {
				"north": {"uv": [8, 5, 10.75, 5.75], "texture": "#0"},
				"east": {"uv": [6.5, 9, 8.5, 9.75], "texture": "#0"},
				"south": {"uv": [8, 6, 10.75, 6.75], "texture": "#0"},
				"west": {"uv": [8.5, 9, 10.5, 9.75], "texture": "#0"},
				"up": {"uv": [7.75, 2, 5, 0], "texture": "#0"},
				"down": {"uv": [2.75, 5.5, 0, 7.5], "texture": "#0"}
			}
		},
		{
			"from": [10.25, 0, 9],
			"to": [12, 0.5, 12.25],
			"rotation": {"angle": 0, "axis": "y", "origin": [5.5, 2.75, 11.5]},
			"faces": {
				"north": {"uv": [11, 7, 12, 7.25], "texture": "#0"},
				"east": {"uv": [11, 2, 12.75, 2.25], "texture": "#0"},
				"south": {"uv": [11, 7.5, 12, 7.75], "texture": "#0"},
				"west": {"uv": [11, 2.5, 12.75, 2.75], "texture": "#0"},
				"up": {"uv": [3.5, 10.25, 2.5, 8.5], "texture": "#0"},
				"down": {"uv": [4.5, 8.5, 3.5, 10.25], "texture": "#0"}
			}
		},
		{
			"from": [10.2, -0.05, 2.7],
			"to": [11.8, 0.55, 4.55],
			"rotation": {"angle": -22.5, "axis": "y", "origin": [5.5, 2.75, 5.25]},
			"faces": {
				"north": {"uv": [11, 10.5, 11.75, 10.75], "texture": "#0"},
				"east": {"uv": [11, 9, 12, 9.25], "texture": "#0"},
				"south": {"uv": [1, 11.5, 1.75, 11.75], "texture": "#0"},
				"west": {"uv": [11, 9.5, 12, 9.75], "texture": "#0"},
				"up": {"uv": [10.75, 9, 10, 8], "texture": "#0"},
				"down": {"uv": [3.25, 10.5, 2.5, 11.5], "texture": "#0"}
			}
		},
		{
			"from": [4.2, -0.05, 2.7],
			"to": [5.8, 0.55, 4.55],
			"rotation": {"angle": 22.5, "axis": "y", "origin": [10.5, 2.75, 5.25]},
			"faces": {
				"north": {"uv": [11.5, 1, 12.25, 1.25], "texture": "#0"},
				"east": {"uv": [11, 10, 12, 10.25], "texture": "#0"},
				"south": {"uv": [11.5, 1.5, 12.25, 1.75], "texture": "#0"},
				"west": {"uv": [10.5, 11, 11.5, 11.25], "texture": "#0"},
				"up": {"uv": [11.25, 4, 10.5, 3], "texture": "#0"},
				"down": {"uv": [4.25, 10.5, 3.5, 11.5], "texture": "#0"}
			}
		},
		{
			"from": [10.5, 0, 5.75],
			"to": [11, 4, 7],
			"rotation": {"angle": 0, "axis": "y", "origin": [5.75, 2.75, 8]},
			"faces": {
				"north": {"uv": [2, 11, 2.25, 13], "texture": "#0"},
				"east": {"uv": [1, 9.5, 1.75, 11.5], "texture": "#0"},
				"south": {"uv": [4.5, 11, 4.75, 13], "texture": "#0"},
				"west": {"uv": [9.5, 2, 10.25, 4], "texture": "#0"},
				"up": {"uv": [11.75, 0.75, 11.5, 0], "texture": "#0"},
				"down": {"uv": [0.75, 11.5, 0.5, 12.25], "texture": "#0"}
			}
		},
		{
			"from": [10.5, -0.25, 10],
			"to": [11.5, 2.75, 13],
			"rotation": {"angle": 22.5, "axis": "x", "origin": [5.75, 2.5, 13.25]},
			"faces": {
				"north": {"uv": [6.5, 2, 7, 3.5], "texture": "#0"},
				"east": {"uv": [5, 2, 6.5, 3.5], "texture": "#0"},
				"south": {"uv": [2, 9.5, 2.5, 11], "texture": "#0"},
				"west": {"uv": [5, 7.5, 6.5, 9], "texture": "#0"},
				"up": {"uv": [9, 11.5, 8.5, 10], "texture": "#0"},
				"down": {"uv": [9.5, 10, 9, 11.5], "texture": "#0"}
			}
		},
		{
			"from": [4, 0, 9],
			"to": [5.75, 0.5, 12.25],
			"rotation": {"angle": 0, "axis": "y", "origin": [10.5, 2.75, 11.5]},
			"faces": {
				"north": {"uv": [11, 8, 12, 8.25], "texture": "#0"},
				"east": {"uv": [5, 11, 6.75, 11.25], "texture": "#0"},
				"south": {"uv": [11, 8.5, 12, 8.75], "texture": "#0"},
				"west": {"uv": [11, 5, 12.75, 5.25], "texture": "#0"},
				"up": {"uv": [5.5, 10.75, 4.5, 9], "texture": "#0"},
				"down": {"uv": [6.5, 9, 5.5, 10.75], "texture": "#0"}
			}
		},
		{
			"from": [4.5, -0.25, 10],
			"to": [5.5, 2.75, 13],
			"rotation": {"angle": 22.5, "axis": "x", "origin": [10.25, 2.5, 13.25]},
			"faces": {
				"north": {"uv": [9.5, 10, 10, 11.5], "texture": "#0"},
				"east": {"uv": [6.5, 7.5, 8, 9], "texture": "#0"},
				"south": {"uv": [10, 10, 10.5, 11.5], "texture": "#0"},
				"west": {"uv": [8, 0, 9.5, 1.5], "texture": "#0"},
				"up": {"uv": [11, 1.5, 10.5, 0], "texture": "#0"},
				"down": {"uv": [11, 1.5, 10.5, 3], "texture": "#0"}
			}
		},
		{
			"from": [5, 0, 5.75],
			"to": [5.5, 4, 7],
			"rotation": {"angle": 0, "axis": "y", "origin": [10.25, 2.75, 8]},
			"faces": {
				"north": {"uv": [10.5, 9, 10.75, 11], "texture": "#0"},
				"east": {"uv": [0, 9.5, 0.75, 11.5], "texture": "#0"},
				"south": {"uv": [11, 0, 11.25, 2], "texture": "#0"},
				"west": {"uv": [9.5, 0, 10.25, 2], "texture": "#0"},
				"up": {"uv": [8.25, 11.75, 8, 11], "texture": "#0"},
				"down": {"uv": [0.25, 11.5, 0, 12.25], "texture": "#0"}
			}
		}
	],
	"display": {
		"thirdperson_righthand": {
			"translation": [0, 2.5, 1],
			"scale": [0.31, 0.31, 0.31]
		},
		"thirdperson_lefthand": {
			"translation": [0, 2.5, 1],
			"scale": [0.31, 0.31, 0.31]
		},
		"firstperson_righthand": {
			"translation": [0, 5.25, 0]
		},
		"firstperson_lefthand": {
			"translation": [0, 5.25, 0]
		},
		"ground": {
			"translation": [0, 5, 0]
		},
		"gui": {
			"rotation": [30, 145, 0],
			"translation": [-0.25, 6.25, 0],
			"scale": [1.34, 1.34, 1.34]
		},
		"head": {
			"translation": [0, 19.25, 0],
			"scale": [1.65, 1.65, 1.65]
		},
		"fixed": {
			"rotation": [-90, 0, 0],
			"translation": [0, 0, -22.5],
			"scale": [2.81, 2.81, 2.81]
		},
		"on_shelf": {
			"rotation": [0, -148, 0],
			"translation": [0, 4.25, 0],
			"scale": [1.16, 1.16, 1.16]
		}
	}
}