{
	"model": {
		"type": "condition",
		"property": "has_component",
		"component": "custom_name",
		"on_true": {
			"type": "select",
			"model": "item/diamond",
			"property": "component",
			"component": "custom_name",
	  		"cases": [
					{
				"when": "Aero Engagment Ring",
				"model": {
					"type": "model",
					"model": "item/rings/aero_engagment_ring"
			 			}
					}
		  		],
			"fallback": {
				"type": "model",
				"model": "item/diamond"
					}
				},
		"on_false": {
			"type": "model",
			"model": "item/diamond"
		}
	}
}