{
  "model": {
    "type": "minecraft:condition",
    "property": "minecraft:has_component",
    "component": "minecraft:custom_name",
    "on_true": {
      "type": "minecraft:select",
      "property": "minecraft:component",
      "component": "minecraft:custom_name",
      "cases": [
        {
          "when": "Test 1",
          "model": {
            "type": "minecraft:model",
            "model": "minecraft:item/bundles/halloween/ghast_goodie_bag"
          }
        }
      ],
      "fallback": {
        "type": "minecraft:model",
        "model": "minecraft:item/white_bundle"
      }
    },
    "on_false": {
      "type": "minecraft:model",
      "model": "minecraft:item/white_bundle"
    }
  }
}