{
  "model": {
    "type": "minecraft:condition",
    "property": "minecraft:has_component",
    "component": "minecraft:item_name",
    "on_true": {
      "type": "minecraft:select",
      "property": "minecraft:component",
      "component": "minecraft:custom_name",
      "cases": [
        {
          "when": {
            "text": "",
            "extra": [
              {
                "text": "☠ Ban Hammer",
                "color": "red",
                "italic": false
              }
            ]
          },
          "model": {
            "type": "minecraft:model",
            "model": "item/weapons/mace/ban_hammer"
          }
        },
        {
          "when": "Mjolnir",
          "model": {
            "type": "minecraft:model",
            "model": "item/weapons/mace/mjolnir"
          }
        }
      ],
      "fallback": {
        "type": "minecraft:model",
        "model": "minecraft:item/mace"
      }
    },
    "on_false": {
      "type": "minecraft:model",
      "model": "minecraft:item/mace"
    }
  }
}