{
	"format_version": "1.21.6",
	"credit": "Made by Ivango",
	"textures": {
		"1": "item/food/borger",
		"particle": "item/food/borger"
	},
	"elements": [
		{
			"from": [4, 0, 4],
			"to": [12, 5, 12],
			"rotation": {"angle": 0, "axis": "y", "origin": [4, 0, 4]},
			"faces": {
				"north": {"uv": [8, 0, 16, 5], "texture": "#1"},
				"east": {"uv": [16, 0, 8, 5], "texture": "#1"},
				"south": {"uv": [8, 0, 16, 5], "texture": "#1"},
				"west": {"uv": [16, 0, 8, 5], "texture": "#1"},
				"up": {"uv": [8, 8, 0, 0], "texture": "#1"},
				"down": {"uv": [8, 0, 0, 8], "texture": "#1"}
			}
		},
		{
			"from": [3.9, 2.9, 3.9],
			"to": [12.1, 5.1, 12.1],
			"rotation": {"angle": 0, "axis": "y", "origin": [4, 3, 4]},
			"faces": {
				"north": {"uv": [8, 13, 16, 11], "texture": "#1"},
				"east": {"uv": [8, 11, 16, 13], "texture": "#1"},
				"south": {"uv": [8, 5, 16, 7], "texture": "#1"},
				"west": {"uv": [16, 7, 8, 9], "texture": "#1"},
				"up": {"uv": [8, 5, 16, 13], "texture": "#1"},
				"down": {"uv": [8, 5, 16, 13], "texture": "#1"}
			}
		},
		{
			"from": [4.1, 0.6, 4.1],
			"to": [11.9, 3.4, 11.9],
			"rotation": {"angle": 0, "axis": "y", "origin": [4, 0.5, 10]},
			"faces": {
				"north": {"uv": [8, 13, 16, 16], "texture": "#1"},
				"east": {"uv": [16, 13, 8, 16], "texture": "#1"},
				"south": {"uv": [8, 13, 16, 16], "texture": "#1"},
				"west": {"uv": [16, 13, 8, 16], "texture": "#1"},
				"up": {"uv": [0, 0, 8, 8], "texture": "#1"},
				"down": {"uv": [0, 0, 8, 8], "texture": "#1"}
			}
		},
		{
			"from": [3.9, -0.6, 3.9],
			"to": [12.1, 1.6, 12.1],
			"rotation": {"angle": 0, "axis": "y", "origin": [4, -0.5, 4]},
			"faces": {
				"north": {"uv": [0, 8, 8, 10], "texture": "#1"},
				"east": {"uv": [0, 8, 8, 10], "texture": "#1"},
				"south": {"uv": [0, 8, 8, 10], "texture": "#1"},
				"west": {"uv": [0, 8, 8, 10], "texture": "#1"},
				"up": {"uv": [0, 13, 3, 16], "texture": "#1"},
				"down": {"uv": [0, 0, 8, 8], "texture": "#1"}
			}
		}
	],
	"display": {
		"thirdperson_righthand": {
			"rotation": [90, 0, 0],
			"translation": [-2.75, 1.5, 3.25],
			"scale": [0.8, 0.8, 0.8]
		},
		"thirdperson_lefthand": {
			"rotation": [90, 0, 0],
			"translation": [-2.75, 1.5, 3.5],
			"scale": [0.8, 0.8, 0.8]
		},
		"firstperson_righthand": {
			"translation": [0.25, 5, 0],
			"scale": [0.8, 0.8, 0.8]
		},
		"firstperson_lefthand": {
			"translation": [0.75, 5.25, 0],
			"scale": [0.8, 0.8, 0.8]
		},
		"ground": {
			"translation": [0, 4.25, 0]
		},
		"gui": {
			"rotation": [30, -30, -5],
			"translation": [1, 4.5, 0],
			"scale": [1.1, 1.1, 1.1]
		},
		"head": {
			"translation": [0, 14.75, 0]
		},
		"fixed": {
			"rotation": [-90, 0, 0],
			"translation": [0, 0, -16.25],
			"scale": [2, 2, 2]
		},
		"on_shelf": {
			"translation": [0, 1.5, 0]
		}
	}
}