{
	"format_version": "1.21.6",
	"credit": "Made by sniffercraft34",
	"ambientocclusion": false,
	"texture_size": [64, 64],
	"textures": {
		"particle": "item/food/candy_cane",
		"cane": "item/food/candy_cane"
	},
	"elements": [
		{
			"from": [6, 1, 6],
			"to": [10, 22, 10],
			"rotation": {"angle": 0, "axis": "y", "origin": [7, 1, 7]},
			"faces": {
				"north": {"uv": [0.025, 0.025, 0.975, 5.225], "texture": "#cane"},
				"east": {"uv": [1.025, 0.025, 1.975, 5.225], "texture": "#cane"},
				"south": {"uv": [2.025, 0.025, 2.975, 5.225], "texture": "#cane"},
				"west": {"uv": [3.025, 0.025, 3.975, 5.225], "texture": "#cane"}
			}
		},
		{
			"from": [6, 22, 5],
			"to": [10, 25, 10],
			"rotation": {"angle": 0, "axis": "y", "origin": [6, 22, 7]},
			"faces": {
				"north": {"uv": [5.525, 4.525, 6.475, 5.225], "texture": "#cane"},
				"east": {"uv": [6.525, 1.025, 7.475, 1.725], "texture": "#cane"},
				"south": {"uv": [6.525, 1.775, 7.475, 2.475], "texture": "#cane"},
				"west": {"uv": [6.525, 2.525, 7.475, 3.225], "texture": "#cane"},
				"up": {"uv": [6.475, 3.475, 5.525, 2.525], "texture": "#cane"},
				"down": {"uv": [6.475, 3.525, 5.525, 4.475], "texture": "#cane"}
			}
		},
		{
			"from": [6, 22, -5],
			"to": [10, 25, -1],
			"rotation": {"angle": 0, "axis": "y", "origin": [6, 22, -3]},
			"faces": {
				"north": {"uv": [6.525, 6.025, 7.475, 6.725], "texture": "#cane"},
				"east": {"uv": [6.525, 6.775, 7.475, 7.475], "texture": "#cane"},
				"south": {"uv": [4.525, 7.025, 5.475, 7.725], "texture": "#cane"},
				"west": {"uv": [5.525, 7.025, 6.475, 7.725], "texture": "#cane"},
				"up": {"uv": [5.475, 6.975, 4.525, 6.025], "texture": "#cane"},
				"down": {"uv": [6.475, 6.025, 5.525, 6.975], "texture": "#cane"}
			}
		},
		{
			"from": [6, 25, -3],
			"to": [10, 28, 8],
			"rotation": {"angle": 0, "axis": "y", "origin": [6, 25, 5]},
			"faces": {
				"north": {"uv": [6.525, 3.275, 7.475, 3.975], "texture": "#cane"},
				"east": {"uv": [2.525, 5.275, 4.975, 5.975], "texture": "#cane"},
				"south": {"uv": [6.525, 4.025, 7.475, 4.725], "texture": "#cane"},
				"west": {"uv": [5.025, 5.275, 7.475, 5.975], "texture": "#cane"},
				"up": {"uv": [1.475, 7.725, 0.525, 5.275], "texture": "#cane"},
				"down": {"uv": [2.475, 5.275, 1.525, 7.725], "texture": "#cane"}
			}
		},
		{
			"from": [6, 28, -1],
			"to": [10, 29, 6],
			"rotation": {"angle": 0, "axis": "y", "origin": [6, 28, 5]},
			"faces": {
				"north": {"uv": [7.525, 4.525, 8.475, 4.725], "texture": "#cane"},
				"east": {"uv": [7.525, 2.025, 8.975, 2.225], "texture": "#cane"},
				"south": {"uv": [7.525, 6.775, 8.475, 6.975], "texture": "#cane"},
				"west": {"uv": [7.525, 2.275, 8.975, 2.475], "texture": "#cane"},
				"up": {"uv": [6.475, 1.475, 5.525, 0.025], "texture": "#cane"}
			}
		},
		{
			"from": [5, 1, 7],
			"to": [6, 22, 9],
			"rotation": {"angle": 0, "axis": "y", "origin": [5, 1, 7]},
			"faces": {
				"north": {"uv": [2.525, 6.025, 2.725, 11.225], "texture": "#cane"},
				"south": {"uv": [2.775, 6.025, 2.975, 11.225], "texture": "#cane"},
				"west": {"uv": [4.025, 0.025, 4.475, 5.225], "texture": "#cane"},
				"up": {"uv": [7.975, 5.725, 7.775, 5.275], "texture": "#cane"},
				"down": {"uv": [5.725, 7.775, 5.525, 8.225], "texture": "#cane"}
			}
		},
		{
			"from": [10, 1, 7],
			"to": [11, 22, 9],
			"rotation": {"angle": 0, "axis": "y", "origin": [10, 1, 7]},
			"faces": {
				"north": {"uv": [3.025, 6.025, 3.225, 11.225], "texture": "#cane"},
				"east": {"uv": [4.525, 0.025, 4.975, 5.225], "texture": "#cane"},
				"south": {"uv": [3.275, 6.025, 3.475, 11.225], "texture": "#cane"},
				"up": {"uv": [5.975, 8.225, 5.775, 7.775], "texture": "#cane"},
				"down": {"uv": [7.975, 5.775, 7.775, 6.225], "texture": "#cane"}
			}
		},
		{
			"from": [10, 22, 6],
			"to": [11, 24, 8],
			"rotation": {"angle": 0, "axis": "y", "origin": [10, 22, 6]},
			"faces": {
				"north": {"uv": [0.525, 8.025, 0.725, 8.475], "texture": "#cane"},
				"east": {"uv": [7.025, 7.525, 7.475, 7.975], "texture": "#cane"},
				"south": {"uv": [8.025, 0.525, 8.225, 0.975], "texture": "#cane"},
				"up": {"uv": [0.975, 8.475, 0.775, 8.025], "texture": "#cane"},
				"down": {"uv": [1.225, 8.025, 1.025, 8.475], "texture": "#cane"}
			}
		},
		{
			"from": [10, 24, 5],
			"to": [11, 26, 7],
			"rotation": {"angle": 0, "axis": "y", "origin": [10, 24, 5]},
			"faces": {
				"north": {"uv": [8.025, 1.025, 8.225, 1.475], "texture": "#cane"},
				"east": {"uv": [7.525, 7.025, 7.975, 7.475], "texture": "#cane"},
				"south": {"uv": [1.275, 8.025, 1.475, 8.475], "texture": "#cane"},
				"up": {"uv": [1.725, 8.475, 1.525, 8.025], "texture": "#cane"},
				"down": {"uv": [8.225, 1.525, 8.025, 1.975], "texture": "#cane"}
			}
		},
		{
			"from": [10, 24, -3],
			"to": [11, 26, -1],
			"rotation": {"angle": 0, "axis": "y", "origin": [10, 24, -3]},
			"faces": {
				"north": {"uv": [2.275, 8.025, 2.475, 8.475], "texture": "#cane"},
				"east": {"uv": [7.525, 7.525, 7.975, 7.975], "texture": "#cane"},
				"south": {"uv": [8.025, 4.775, 8.225, 5.225], "texture": "#cane"},
				"up": {"uv": [8.225, 5.725, 8.025, 5.275], "texture": "#cane"},
				"down": {"uv": [8.225, 5.775, 8.025, 6.225], "texture": "#cane"}
			}
		},
		{
			"from": [10, 23, -4],
			"to": [11, 24, -2],
			"rotation": {"angle": 0, "axis": "y", "origin": [10, 22, -4]},
			"faces": {
				"north": {"uv": [8.275, 6.525, 8.475, 6.725], "texture": "#cane"},
				"east": {"uv": [6.025, 8.025, 6.475, 8.225], "texture": "#cane"},
				"south": {"uv": [8.275, 7.025, 8.475, 7.225], "texture": "#cane"},
				"up": {"uv": [7.225, 8.475, 7.025, 8.025], "texture": "#cane"},
				"down": {"uv": [8.225, 7.025, 8.025, 7.475], "texture": "#cane"}
			}
		},
		{
			"from": [10, 26, -1],
			"to": [11, 28, 5],
			"rotation": {"angle": 0, "axis": "y", "origin": [10, 26, 3]},
			"faces": {
				"north": {"uv": [1.775, 8.025, 1.975, 8.475], "texture": "#cane"},
				"east": {"uv": [6.525, 4.775, 7.975, 5.225], "texture": "#cane"},
				"south": {"uv": [2.025, 8.025, 2.225, 8.475], "texture": "#cane"},
				"up": {"uv": [7.725, 3.975, 7.525, 2.525], "texture": "#cane"},
				"down": {"uv": [7.725, 5.275, 7.525, 6.725], "texture": "#cane"}
			}
		},
		{
			"from": [5, 22, 6],
			"to": [6, 24, 8],
			"rotation": {"angle": 0, "axis": "y", "origin": [5, 22, 6]},
			"faces": {
				"north": {"uv": [5.275, 8.275, 5.475, 8.725], "texture": "#cane"},
				"south": {"uv": [8.275, 5.275, 8.475, 5.725], "texture": "#cane"},
				"west": {"uv": [4.525, 7.775, 4.975, 8.225], "texture": "#cane"},
				"up": {"uv": [5.725, 8.725, 5.525, 8.275], "texture": "#cane"},
				"down": {"uv": [5.975, 8.275, 5.775, 8.725], "texture": "#cane"}
			}
		},
		{
			"from": [5, 24, 5],
			"to": [6, 26, 7],
			"rotation": {"angle": 0, "axis": "y", "origin": [5, 24, 5]},
			"faces": {
				"north": {"uv": [4.525, 8.275, 4.725, 8.725], "texture": "#cane"},
				"south": {"uv": [4.775, 8.275, 4.975, 8.725], "texture": "#cane"},
				"west": {"uv": [7.775, 3.525, 8.225, 3.975], "texture": "#cane"},
				"up": {"uv": [8.475, 5.225, 8.275, 4.775], "texture": "#cane"},
				"down": {"uv": [5.225, 8.275, 5.025, 8.725], "texture": "#cane"}
			}
		},
		{
			"from": [5, 26, -1],
			"to": [6, 28, 5],
			"rotation": {"angle": 0, "axis": "y", "origin": [5, 26, 3]},
			"faces": {
				"north": {"uv": [8.275, 3.025, 8.475, 3.475], "texture": "#cane"},
				"south": {"uv": [8.275, 3.525, 8.475, 3.975], "texture": "#cane"},
				"west": {"uv": [7.525, 0.025, 8.975, 0.475], "texture": "#cane"},
				"up": {"uv": [6.725, 8.975, 6.525, 7.525], "texture": "#cane"},
				"down": {"uv": [6.975, 7.525, 6.775, 8.975], "texture": "#cane"}
			}
		},
		{
			"from": [5, 24, -3],
			"to": [6, 26, -1],
			"rotation": {"angle": 0, "axis": "y", "origin": [5, 24, -3]},
			"faces": {
				"north": {"uv": [8.025, 8.025, 8.225, 8.475], "texture": "#cane"},
				"south": {"uv": [8.275, 0.525, 8.475, 0.975], "texture": "#cane"},
				"west": {"uv": [7.775, 3.025, 8.225, 3.475], "texture": "#cane"},
				"up": {"uv": [8.475, 1.475, 8.275, 1.025], "texture": "#cane"},
				"down": {"uv": [8.475, 1.525, 8.275, 1.975], "texture": "#cane"}
			}
		},
		{
			"from": [5, 23, -4],
			"to": [6, 24, -2],
			"rotation": {"angle": 0, "axis": "y", "origin": [5, 22, -4]},
			"faces": {
				"north": {"uv": [7.275, 8.275, 7.475, 8.475], "texture": "#cane"},
				"south": {"uv": [8.275, 7.275, 8.475, 7.475], "texture": "#cane"},
				"west": {"uv": [7.275, 8.025, 7.725, 8.225], "texture": "#cane"},
				"up": {"uv": [8.225, 7.975, 8.025, 7.525], "texture": "#cane"},
				"down": {"uv": [7.975, 8.025, 7.775, 8.475], "texture": "#cane"}
			}
		},
		{
			"from": [7, 1, 5],
			"to": [9, 22, 6],
			"rotation": {"angle": 0, "axis": "y", "origin": [7, 1, 6]},
			"faces": {
				"north": {"uv": [5.025, 0.025, 5.475, 5.225], "texture": "#cane"},
				"east": {"uv": [3.525, 6.025, 3.725, 11.225], "texture": "#cane"},
				"west": {"uv": [3.775, 6.025, 3.975, 11.225], "texture": "#cane"},
				"down": {"uv": [6.475, 7.775, 6.025, 7.975], "texture": "#cane"}
			}
		},
		{
			"from": [7, 1, 10],
			"to": [9, 22, 11],
			"rotation": {"angle": 0, "axis": "y", "origin": [7, 1, 11]},
			"faces": {
				"east": {"uv": [4.025, 6.025, 4.225, 11.225], "texture": "#cane"},
				"south": {"uv": [0.025, 5.275, 0.475, 10.475], "texture": "#cane"},
				"west": {"uv": [4.275, 6.025, 4.475, 11.225], "texture": "#cane"},
				"up": {"uv": [8.225, 6.475, 7.775, 6.275], "texture": "#cane"},
				"down": {"uv": [8.225, 6.525, 7.775, 6.725], "texture": "#cane"}
			}
		},
		{
			"from": [6, 0, 6],
			"to": [10, 1, 10],
			"rotation": {"angle": 0, "axis": "y", "origin": [7, 0, 7]},
			"faces": {
				"north": {"uv": [0.525, 7.775, 1.475, 7.975], "texture": "#cane"},
				"east": {"uv": [1.525, 7.775, 2.475, 7.975], "texture": "#cane"},
				"south": {"uv": [7.775, 2.525, 8.725, 2.725], "texture": "#cane"},
				"west": {"uv": [7.775, 2.775, 8.725, 2.975], "texture": "#cane"},
				"down": {"uv": [7.475, 0.025, 6.525, 0.975], "texture": "#cane"}
			}
		},
		{
			"from": [7, 21, -4],
			"to": [9, 22, -2],
			"rotation": {"angle": 0, "axis": "y", "origin": [7, 21, -4]},
			"faces": {
				"north": {"uv": [8.275, 5.775, 8.725, 5.975], "texture": "#cane"},
				"east": {"uv": [6.025, 8.275, 6.475, 8.475], "texture": "#cane"},
				"south": {"uv": [8.275, 6.025, 8.725, 6.225], "texture": "#cane"},
				"west": {"uv": [8.275, 6.275, 8.725, 6.475], "texture": "#cane"},
				"down": {"uv": [5.475, 7.775, 5.025, 8.225], "texture": "#cane"}
			}
		},
		{
			"from": [7, 24, -1],
			"to": [9, 25, 5],
			"rotation": {"angle": 0, "axis": "y", "origin": [7, 24, 0]},
			"faces": {
				"east": {"uv": [7.525, 4.025, 8.975, 4.225], "texture": "#cane"},
				"west": {"uv": [7.525, 4.275, 8.975, 4.475], "texture": "#cane"},
				"down": {"uv": [7.975, 0.525, 7.525, 1.975], "texture": "#cane"}
			}
		}
	],
	"display": {
		"thirdperson_righthand": {
			"translation": [0, 1.5, 1.5],
			"scale": [0.3, 0.3, 0.3]
		},
		"thirdperson_lefthand": {
			"translation": [0, 1.25, 1.75],
			"scale": [0.3, 0.3, 0.3]
		},
		"firstperson_righthand": {
			"rotation": [4.19, 27, 4.28],
			"translation": [1.13, 1.45, 2.13],
			"scale": [0.25, 0.25, 0.25]
		},
		"firstperson_lefthand": {
			"rotation": [4.19, 27, 4.28],
			"translation": [1.13, 1.45, 2.13],
			"scale": [0.25, 0.25, 0.25]
		},
		"ground": {
			"rotation": [0, 0, 90],
			"translation": [0, -0.25, 0],
			"scale": [0.24, 0.24, 0.24]
		},
		"gui": {
			"rotation": [86, 44, -73],
			"translation": [-1, -3.75, 0],
			"scale": [0.5, 0.5, 0.5]
		},
		"head": {
			"translation": [0, 10.75, 0],
			"scale": [0.54, 0.54, 0.54]
		},
		"fixed": {
			"rotation": [0, 90, 0],
			"translation": [0, -4, -1.75],
			"scale": [0.6, 0.6, 0.6]
		},
		"on_shelf": {
			"rotation": [0, -90, 0],
			"scale": [0.55, 0.55, 0.55]
		}
	}
}