{
	"format_version": "1.21.6",
	"credit": "Made by Ivango",
	"textures": {
		"0": "item/food/hohdog",
		"particle": "item/food/hohdog"
	},
	"elements": [
		{
			"from": [6.5, 1.5, 1],
			"to": [8.5, 3.5, 15],
			"rotation": {"angle": 0, "axis": "y", "origin": [6.5, 1.5, 1]},
			"faces": {
				"north": {"uv": [0, 2, 2, 4], "texture": "#0"},
				"east": {"uv": [14, 0, 0, 2], "texture": "#0"},
				"south": {"uv": [2, 2, 4, 4], "texture": "#0"},
				"west": {"uv": [0, 2, 14, 0], "texture": "#0"},
				"up": {"uv": [14, 2, 0, 0], "rotation": 270, "texture": "#0"},
				"down": {"uv": [0, 0, 14, 2], "rotation": 270, "texture": "#0"}
			}
		},
		{
			"from": [5, 0, 2],
			"to": [10, 3, 14],
			"rotation": {"angle": 0, "axis": "y", "origin": [7, 0, 2]},
			"faces": {
				"north": {"uv": [8, 13, 13, 16], "texture": "#0"},
				"east": {"uv": [5, 4, 8, 16], "rotation": 90, "texture": "#0"},
				"south": {"uv": [8, 13, 13, 16], "texture": "#0"},
				"west": {"uv": [5, 4, 8, 16], "rotation": 90, "texture": "#0"},
				"up": {"uv": [0, 4, 5, 16], "texture": "#0"},
				"down": {"uv": [0, 4, 5, 16], "texture": "#0"}
			}
		},
		{
			"from": [5.175, 2.75, 3],
			"to": [9.175, 3.75, 14],
			"rotation": {"angle": 0, "axis": "y", "origin": [5.175, 2.75, 3]},
			"faces": {
				"north": {"uv": [4, 3, 8, 4], "texture": "#0"},
				"east": {"uv": [11, 2, 12, 13], "rotation": 90, "texture": "#0"},
				"south": {"uv": [4, 3, 8, 4], "texture": "#0"},
				"west": {"uv": [8, 13, 9, 2], "rotation": 90, "texture": "#0"},
				"up": {"uv": [8, 2, 12, 13], "texture": "#0"},
				"down": {"uv": [8, 2, 12, 13], "texture": "#0"}
			}
		},
		{
			"from": [5.775, 2.85, 0.85],
			"to": [9.575, 3.65, 11.65],
			"rotation": {"angle": 0, "axis": "y", "origin": [5.675, 2.75, 0.75]},
			"faces": {
				"north": {"uv": [4, 3, 8, 4], "texture": "#0"},
				"east": {"uv": [15, 2, 16, 13], "rotation": 90, "texture": "#0"},
				"south": {"uv": [4, 3, 8, 4], "texture": "#0"},
				"west": {"uv": [12, 13, 13, 2], "rotation": 90, "texture": "#0"},
				"up": {"uv": [12, 2, 16, 13], "texture": "#0"},
				"down": {"uv": [12, 2, 16, 13], "texture": "#0"}
			}
		}
	],
	"display": {
		"thirdperson_righthand": {
			"rotation": [90, 0, 0],
			"translation": [-2, 0, 5],
			"scale": [0.8, 0.8, 0.8]
		},
		"thirdperson_lefthand": {
			"rotation": [90, 0, 0],
			"translation": [-2, 0, 5.25],
			"scale": [0.8, 0.8, 0.8]
		},
		"firstperson_righthand": {
			"rotation": [0, 45, 0],
			"translation": [2, 7, 0],
			"scale": [0.9, 0.9, 0.9]
		},
		"firstperson_lefthand": {
			"rotation": [0, 45, 0],
			"translation": [2, 7, 0],
			"scale": [0.9, 0.9, 0.9]
		},
		"gui": {
			"rotation": [30, 40, -5],
			"translation": [1, 6, 0],
			"scale": [1.1, 1.1, 1.1]
		},
		"head": {
			"translation": [0.75, 14.25, 0]
		},
		"fixed": {
			"rotation": [-90, 0, 0],
			"translation": [0, 0, -16.75],
			"scale": [2.1, 2.1, 2.1]
		}
	}
}