{
	"format_version": "1.21.6",
	"credit": "Made with Blockbench",
	"texture_size": [64, 64],
	"textures": {
		"0": "item/food/sky_soup/bowl_3d",
		"3": "item/food/sky_soup/suspicious_stew_3d",
		"4": "item/food/sky_soup/skin",
		"particle": "item/food/sky_soup/suspicious_stew"
	},
	"elements": [
		{
			"name": "bottom",
			"from": [5, 0, 5],
			"to": [11, 1, 11],
			"rotation": {"angle": 0, "axis": "y", "origin": [-1, 0, -1]},
			"faces": {
				"north": {"uv": [0.125, 2, 0.875, 2.125], "texture": "#0"},
				"east": {"uv": [0.875, 2, 1.625, 2.125], "texture": "#0"},
				"south": {"uv": [2, 1, 2.75, 1.125], "texture": "#0"},
				"west": {"uv": [2, 1.125, 2.75, 1.25], "texture": "#0"},
				"up": {"uv": [0.75, 0.75, 0, 0], "texture": "#0"},
				"down": {"uv": [0.75, 0.75, 0, 1.5], "texture": "#0"}
			}
		},
		{
			"name": "side1",
			"from": [5, 0, 4],
			"to": [12, 3, 5],
			"rotation": {"angle": 0, "axis": "y", "origin": [11, 0, 5]},
			"faces": {
				"north": {"uv": [1.625, 0.375, 2.5, 0.75], "texture": "#0"},
				"east": {"uv": [2, 2, 2.125, 2.375], "texture": "#0"},
				"south": {"uv": [0.75, 0.375, 1.625, 0.75], "texture": "#0"},
				"up": {"uv": [2.5, 0.875, 1.625, 0.75], "texture": "#0"},
				"down": {"uv": [2.5, 0.875, 1.625, 1], "texture": "#0"}
			}
		},
		{
			"name": "side2",
			"from": [11, 0, 5],
			"to": [12, 3, 12],
			"rotation": {"angle": 0, "axis": "y", "origin": [11, 0, 5]},
			"faces": {
				"east": {"uv": [1.625, 0.375, 2.5, 0.75], "texture": "#0"},
				"south": {"uv": [2, 2, 2.125, 2.375], "texture": "#0"},
				"west": {"uv": [0.75, 1.125, 1.625, 1.5], "texture": "#0"},
				"up": {"uv": [1.875, 1.875, 1.75, 1], "texture": "#0"},
				"down": {"uv": [0.125, 1.875, 0, 2.75], "texture": "#0"}
			}
		},
		{
			"name": "side3",
			"from": [4, 0, 11],
			"to": [11, 3, 12],
			"rotation": {"angle": 0, "axis": "y", "origin": [11, 0, 5]},
			"faces": {
				"north": {"uv": [0, 1.5, 0.875, 1.875], "texture": "#0"},
				"south": {"uv": [1.625, 0.375, 2.5, 0.75], "texture": "#0"},
				"west": {"uv": [2, 2, 2.125, 2.375], "texture": "#0"},
				"up": {"uv": [1, 2, 0.125, 1.875], "texture": "#0"},
				"down": {"uv": [1.875, 1.875, 1, 2], "texture": "#0"}
			}
		},
		{
			"name": "side4",
			"from": [4, 0, 4],
			"to": [5, 3, 11],
			"rotation": {"angle": 0, "axis": "y", "origin": [11, 0, 5]},
			"faces": {
				"north": {"uv": [2, 2, 2.125, 2.375], "texture": "#0"},
				"east": {"uv": [1.625, 0, 2.5, 0.375], "texture": "#0"},
				"west": {"uv": [1.625, 0.375, 2.5, 0.75], "texture": "#0"},
				"up": {"uv": [2, 1.875, 1.875, 1], "texture": "#0"},
				"down": {"uv": [2, 1.875, 1.875, 2.75], "texture": "#0"}
			}
		},
		{
			"name": "soup",
			"from": [5, 0.5, 5],
			"to": [11, 2.5, 11],
			"rotation": {"angle": 0, "axis": "y", "origin": [9, 1, 4]},
			"faces": {
				"up": {"uv": [1.5, 1.5, 0, 0], "texture": "#3"}
			}
		},
		{
			"name": "head",
			"from": [6.5, 2.25, 6.75],
			"to": [9.5, 5.25, 9.75],
			"rotation": {"angle": 0, "axis": "y", "origin": [10.5, -21.75, 10.75]},
			"faces": {
				"north": {"uv": [2, 2, 4, 4], "texture": "#4"},
				"east": {"uv": [0, 2, 2, 4], "texture": "#4"},
				"south": {"uv": [6, 2, 8, 4], "texture": "#4"},
				"west": {"uv": [4, 2, 6, 4], "texture": "#4"},
				"up": {"uv": [4, 2, 2, 0], "texture": "#4"},
				"down": {"uv": [6, 0, 4, 2], "texture": "#4"}
			}
		},
		{
			"name": "hat",
			"from": [6.35, 2.1, 6.6],
			"to": [9.6, 5.35, 9.85],
			"rotation": {"angle": 0, "axis": "y", "origin": [10.75, -21, 11]},
			"faces": {
				"north": {"uv": [10, 2, 12, 4], "texture": "#4"},
				"east": {"uv": [8, 2, 10, 4], "texture": "#4"},
				"south": {"uv": [14, 2, 16, 4], "texture": "#4"},
				"west": {"uv": [12, 2, 14, 4], "texture": "#4"},
				"up": {"uv": [12, 2, 10, 0], "texture": "#4"},
				"down": {"uv": [14, 0, 12, 2], "texture": "#4"}
			}
		}
	],
	"display": {
		"thirdperson_righthand": {
			"rotation": [90, 0, 0],
			"translation": [0, 3, 6.5],
			"scale": [0.89, 0.89, 0.89]
		},
		"thirdperson_lefthand": {
			"rotation": [90, 0, 0],
			"translation": [0, 3, 6.5],
			"scale": [0.89, 0.89, 0.89]
		},
		"firstperson_righthand": {
			"rotation": [-1, 126, 0],
			"translation": [-0.25, 7.75, 1.25],
			"scale": [0.75, 0.75, 0.75]
		},
		"firstperson_lefthand": {
			"rotation": [-1, 126, 0],
			"translation": [-0.25, 7.75, 1.25],
			"scale": [0.75, 0.75, 0.75]
		},
		"ground": {
			"translation": [0, 5, 0],
			"scale": [1.29, 1.29, 1.29]
		},
		"gui": {
			"rotation": [30, 135, 0],
			"translation": [0, 5.25, 0],
			"scale": [1.15, 1.15, 1.15]
		},
		"head": {
			"translation": [0, 14.4, 0]
		},
		"fixed": {
			"rotation": [-90, 0, 0],
			"translation": [0, 0, -19],
			"scale": [2.39, 2.39, 2.39]
		}
	},
	"groups": [
		{
			"name": "suspicious_stew",
			"origin": [11, 0, 5],
			"color": 0,
			"children": [
				{
					"name": "bowl",
					"origin": [11, 0, 5],
					"color": 0,
					"children": [0, 1, 2, 3, 4]
				},
				{
					"name": "suspicious_stew_content",
					"origin": [10, 2, 0],
					"color": 0,
					"children": [5]
				}
			]
		},
		{
			"name": "head",
			"origin": [0, 24, 0],
			"color": 3,
			"children": [
				6,
				{
					"name": "hat",
					"origin": [0, 24, 0],
					"color": 4,
					"children": [7]
				}
			]
		}
	]
}