{
	"format_version": "1.21.6",
	"credit": "Made by Nog's Menagerie",
	"textures": {
		"1": "item/players/user/user",
		"particle": "item/players/user/user"
	},
	"elements": [
		{
			"name": "torso",
			"from": [5, 2, 7.25],
			"to": [11, 6, 11.25],
			"rotation": {"angle": 0, "axis": "y", "origin": [0, 6.5, 0.25]},
			"faces": {
				"north": {"uv": [5.25, 5.5, 6.75, 6.5], "texture": "#1"},
				"east": {"uv": [4, 5.5, 5, 6.5], "texture": "#1"},
				"south": {"uv": [8.25, 5.5, 9.75, 6.5], "texture": "#1"},
				"west": {"uv": [7, 5.5, 8, 6.5], "texture": "#1"},
				"up": {"uv": [6.75, 5, 5.25, 4], "texture": "#1"},
				"down": {"uv": [8.75, 4, 7.25, 5], "texture": "#1"}
			}
		},
		{
			"name": "torso",
			"from": [5, 6, 7.25],
			"to": [11, 7, 11.25],
			"rotation": {"angle": 0, "axis": "y", "origin": [0, 6.5, 0.25]},
			"faces": {
				"north": {"uv": [5.25, 5, 6.75, 5.25], "texture": "#1"},
				"east": {"uv": [4, 5, 5, 5.25], "texture": "#1"},
				"south": {"uv": [8.25, 5, 9.75, 5.25], "texture": "#1"},
				"west": {"uv": [7, 5, 8, 5.25], "texture": "#1"},
				"up": {"uv": [6.75, 5, 5.25, 4], "texture": "#1"},
				"down": {"uv": [8.75, 4, 7.25, 5], "texture": "#1"}
			}
		},
		{
			"name": "torso_layer",
			"from": [4.5, 2.025, 6.75],
			"to": [11.5, 6.025, 6.75],
			"rotation": {"angle": 0, "axis": "y", "origin": [0, 6.5, 0.25]},
			"faces": {
				"north": {"uv": [5, 9.5, 7, 10.5], "texture": "#1"},
				"east": {"uv": [4, 5, 5, 6.5], "texture": "#1"},
				"south": {"uv": [7, 9.5, 5, 10.5], "texture": "#1"},
				"west": {"uv": [7, 5, 8, 6.5], "texture": "#1"},
				"up": {"uv": [6.75, 5, 5.25, 4], "texture": "#1"},
				"down": {"uv": [8.75, 4, 7.25, 5], "texture": "#1"}
			}
		},
		{
			"name": "torso_layer",
			"from": [4.5, 2.025, 6.75],
			"to": [4.5, 6.025, 11.75],
			"rotation": {"angle": 0, "axis": "y", "origin": [0, 6.5, 0.25]},
			"faces": {
				"north": {"uv": [5.125, 9, 6.875, 10.75], "texture": "#1"},
				"east": {"uv": [8, 9.5, 7, 10.5], "texture": "#1"},
				"south": {"uv": [0, 0, 0.25, 0.25], "texture": "#1"},
				"west": {"uv": [7, 9.5, 8, 10.5], "texture": "#1"},
				"up": {"uv": [6.75, 5, 5.25, 4], "texture": "#1"},
				"down": {"uv": [8.75, 4, 7.25, 5], "texture": "#1"}
			}
		},
		{
			"name": "torso_layer",
			"from": [11.5, 2.025, 6.75],
			"to": [11.5, 6.025, 11.75],
			"rotation": {"angle": 0, "axis": "y", "origin": [0, 6.5, 0.25]},
			"faces": {
				"north": {"uv": [6.875, 9, 5.125, 10.75], "texture": "#1"},
				"east": {"uv": [4, 9.5, 5, 10.5], "texture": "#1"},
				"south": {"uv": [0.25, 0, 0, 0.25], "texture": "#1"},
				"west": {"uv": [5, 9.5, 4, 10.5], "texture": "#1"},
				"up": {"uv": [5.25, 5, 6.75, 4], "texture": "#1"},
				"down": {"uv": [7.25, 4, 8.75, 5], "texture": "#1"}
			}
		},
		{
			"name": "torso_layer",
			"from": [4.5, 2.025, 11.75],
			"to": [11.5, 6.025, 11.75],
			"rotation": {"angle": 0, "axis": "y", "origin": [0, 6.5, 0.25]},
			"faces": {
				"north": {"uv": [10, 9.5, 8, 10.5], "texture": "#1"},
				"east": {"uv": [4, 5, 5, 6.5], "texture": "#1"},
				"south": {"uv": [8, 9.5, 10, 10.5], "texture": "#1"},
				"west": {"uv": [7, 5, 8, 6.5], "texture": "#1"},
				"up": {"uv": [6.75, 5, 5.25, 4], "texture": "#1"},
				"down": {"uv": [8.75, 4, 7.25, 5], "texture": "#1"}
			}
		},
		{
			"name": "torso_layer",
			"from": [4.5, 6.025, 11.75],
			"to": [11.5, 7.025, 11.75],
			"rotation": {"angle": 0, "axis": "y", "origin": [0, 6.5, 0.25]},
			"faces": {
				"north": {"uv": [10, 9.25, 8, 9.5], "texture": "#1"},
				"east": {"uv": [4, 5, 5, 6.5], "texture": "#1"},
				"south": {"uv": [8, 9.25, 10, 9.5], "texture": "#1"},
				"west": {"uv": [7, 5, 8, 6.5], "texture": "#1"},
				"up": {"uv": [6.75, 5, 5.25, 4], "texture": "#1"},
				"down": {"uv": [8.75, 4, 7.25, 5], "texture": "#1"}
			}
		},
		{
			"name": "torso_layer",
			"from": [4.5, 6.025, 6.75],
			"to": [4.5, 7.025, 11.75],
			"rotation": {"angle": 0, "axis": "y", "origin": [0, 6.5, 0.25]},
			"faces": {
				"north": {"uv": [5.125, 9, 6.875, 10.75], "texture": "#1"},
				"east": {"uv": [8, 9.25, 7, 9.5], "texture": "#1"},
				"south": {"uv": [0, 0, 0.25, 0.25], "texture": "#1"},
				"west": {"uv": [7, 9.25, 8, 9.5], "texture": "#1"},
				"up": {"uv": [6.75, 5, 5.25, 4], "texture": "#1"},
				"down": {"uv": [8.75, 4, 7.25, 5], "texture": "#1"}
			}
		},
		{
			"name": "torso_layer",
			"from": [4.5, 6.025, 6.75],
			"to": [11.5, 7.025, 6.75],
			"rotation": {"angle": 0, "axis": "y", "origin": [0, 6.5, 0.25]},
			"faces": {
				"north": {"uv": [5, 9.25, 7, 9.5], "texture": "#1"},
				"east": {"uv": [4, 5, 5, 6.5], "texture": "#1"},
				"south": {"uv": [7, 9.25, 5, 9.5], "texture": "#1"},
				"west": {"uv": [7, 5, 8, 6.5], "texture": "#1"},
				"up": {"uv": [6.75, 5, 5.25, 4], "texture": "#1"},
				"down": {"uv": [8.75, 4, 7.25, 5], "texture": "#1"}
			}
		},
		{
			"name": "torso_layer",
			"from": [11.5, 6.025, 6.75],
			"to": [11.5, 7.025, 11.75],
			"rotation": {"angle": 0, "axis": "y", "origin": [0, 6.5, 0.25]},
			"faces": {
				"north": {"uv": [6.875, 9, 5.125, 10.75], "texture": "#1"},
				"east": {"uv": [5, 9.25, 4, 9.5], "texture": "#1"},
				"south": {"uv": [0.25, 0, 0, 0.25], "texture": "#1"},
				"west": {"uv": [4, 9.25, 5, 9.5], "texture": "#1"},
				"up": {"uv": [5.25, 5, 6.75, 4], "texture": "#1"},
				"down": {"uv": [7.25, 4, 8.75, 5], "texture": "#1"}
			}
		},
		{
			"name": "torso_layer",
			"from": [4.5, 7.025, 6.75],
			"to": [11.5, 7.025, 11.75],
			"rotation": {"angle": 0, "axis": "y", "origin": [0, 6.5, 0.25]},
			"faces": {
				"north": {"uv": [5.125, 9, 6.875, 10.75], "texture": "#1"},
				"east": {"uv": [4, 5, 5, 6.5], "texture": "#1"},
				"south": {"uv": [0, 0, 0.25, 0.25], "texture": "#1"},
				"west": {"uv": [7, 5, 8, 6.5], "texture": "#1"},
				"up": {"uv": [7, 9, 5, 8], "texture": "#1"},
				"down": {"uv": [7, 8, 5, 9], "texture": "#1"}
			}
		},
		{
			"name": "torso_lower",
			"from": [5, 0, 7.25],
			"to": [11, 2, 11.25],
			"rotation": {"angle": 0, "axis": "y", "origin": [0, 6.5, 0.25]},
			"faces": {
				"north": {"uv": [5.25, 7.5, 6.75, 8], "texture": "#1"},
				"east": {"uv": [4, 7.5, 5, 8], "texture": "#1"},
				"south": {"uv": [8.25, 7.5, 9.75, 8], "texture": "#1"},
				"west": {"uv": [7, 7.5, 8, 8], "texture": "#1"},
				"up": {"uv": [6.75, 5, 5.25, 4], "texture": "#1"},
				"down": {"uv": [8.75, 4, 7.25, 5], "texture": "#1"}
			}
		},
		{
			"name": "torso_lower_layer",
			"from": [4.5, 0.025, 6.75],
			"to": [11.5, 2.025, 6.75],
			"rotation": {"angle": 0, "axis": "y", "origin": [0, 6.5, 0.25]},
			"faces": {
				"north": {"uv": [5, 11.5, 7, 12], "texture": "#1"},
				"east": {"uv": [4, 5, 5, 6.5], "texture": "#1"},
				"south": {"uv": [7, 11.5, 5, 12], "texture": "#1"},
				"west": {"uv": [7, 5, 8, 6.5], "texture": "#1"},
				"up": {"uv": [6.75, 5, 5.25, 4], "texture": "#1"},
				"down": {"uv": [8.75, 4, 7.25, 5], "texture": "#1"}
			}
		},
		{
			"name": "torso_lower_layer",
			"from": [11.5, 0.025, 6.75],
			"to": [11.5, 2.025, 11.75],
			"rotation": {"angle": 0, "axis": "y", "origin": [0, 6.5, 0.25]},
			"faces": {
				"north": {"uv": [6.875, 9, 5.125, 10.75], "texture": "#1"},
				"east": {"uv": [4, 11.5, 5, 12], "texture": "#1"},
				"south": {"uv": [0.25, 0, 0, 0.25], "texture": "#1"},
				"west": {"uv": [5, 11.5, 4, 12], "texture": "#1"},
				"up": {"uv": [5.25, 5, 6.75, 4], "texture": "#1"},
				"down": {"uv": [7.25, 4, 8.75, 5], "texture": "#1"}
			}
		},
		{
			"name": "torso_lower_layer",
			"from": [4.5, 0.025, 11.75],
			"to": [11.5, 2.025, 11.75],
			"rotation": {"angle": 0, "axis": "y", "origin": [0, 6.5, 0.25]},
			"faces": {
				"north": {"uv": [10, 11.5, 8, 12], "texture": "#1"},
				"east": {"uv": [4, 5, 5, 6.5], "texture": "#1"},
				"south": {"uv": [8, 11.5, 10, 12], "texture": "#1"},
				"west": {"uv": [7, 5, 8, 6.5], "texture": "#1"},
				"up": {"uv": [6.75, 5, 5.25, 4], "texture": "#1"},
				"down": {"uv": [8.75, 4, 7.25, 5], "texture": "#1"}
			}
		},
		{
			"name": "torso_lower_layer",
			"from": [4.5, 0.025, 6.75],
			"to": [4.5, 2.025, 11.75],
			"rotation": {"angle": 0, "axis": "y", "origin": [0, 6.5, 0.25]},
			"faces": {
				"north": {"uv": [5.125, 9, 6.875, 10.75], "texture": "#1"},
				"east": {"uv": [8, 11.5, 7, 12], "texture": "#1"},
				"south": {"uv": [0, 0, 0.25, 0.25], "texture": "#1"},
				"west": {"uv": [7, 11.5, 8, 12], "texture": "#1"},
				"up": {"uv": [6.75, 5, 5.25, 4], "texture": "#1"},
				"down": {"uv": [8.75, 4, 7.25, 5], "texture": "#1"}
			}
		},
		{
			"name": "right_arm_cube",
			"from": [10.1, 5.65, 8.25],
			"to": [12.1, 6.65, 10.25],
			"rotation": {"angle": 45, "axis": "z", "origin": [11.35, 3.6, 9.225]},
			"faces": {
				"north": {"uv": [11, 5, 11.5, 5.25], "texture": "#1"},
				"east": {"uv": [10, 5, 10.5, 5.25], "texture": "#1"},
				"south": {"uv": [13, 5, 13.5, 5.25], "texture": "#1"},
				"west": {"uv": [12, 5, 12.5, 5.25], "texture": "#1"},
				"up": {"uv": [11.5, 4.5, 11, 4], "texture": "#1"},
				"down": {"uv": [12.5, 4.25, 12, 4.75], "texture": "#1"}
			}
		},
		{
			"name": "right_arm_cube",
			"from": [10.1, 1.65, 8.25],
			"to": [12.1, 2.65, 10.25],
			"rotation": {"angle": 45, "axis": "z", "origin": [11.35, 3.6, 9.225]},
			"faces": {
				"north": {"uv": [11, 7.75, 11.5, 8], "texture": "#1"},
				"east": {"uv": [10, 7.75, 10.5, 8], "texture": "#1"},
				"south": {"uv": [13, 7.75, 13.5, 8], "texture": "#1"},
				"west": {"uv": [12, 7.75, 12.5, 8], "texture": "#1"},
				"up": {"uv": [11.75, 4.75, 11.25, 4.25], "texture": "#1"},
				"down": {"uv": [12.5, 4.25, 12, 4.75], "texture": "#1"}
			}
		},
		{
			"name": "right_arm_cube",
			"from": [10.1, 2.65, 8.25],
			"to": [12.1, 5.65, 10.25],
			"rotation": {"angle": 45, "axis": "z", "origin": [11.35, 3.6, 9.225]},
			"faces": {
				"north": {"uv": [11, 6, 11.5, 6.75], "texture": "#1"},
				"east": {"uv": [10, 6, 10.5, 6.75], "texture": "#1"},
				"south": {"uv": [13, 6, 13.5, 6.75], "texture": "#1"},
				"west": {"uv": [12, 6, 12.5, 6.75], "texture": "#1"},
				"up": {"uv": [11.75, 4.75, 11.25, 4.25], "texture": "#1"},
				"down": {"uv": [12.75, 4.25, 12.25, 4.75], "texture": "#1"}
			}
		},
		{
			"name": "right_arm_layer",
			"from": [9.85, 2.65, 8],
			"to": [12.35, 5.65, 8],
			"rotation": {"angle": 45, "axis": "z", "origin": [11.35, 3.6, 9.225]},
			"faces": {
				"north": {"uv": [11, 10, 11.5, 10.75], "texture": "#1"},
				"east": {"uv": [10.25, 6, 10.75, 6.75], "texture": "#1"},
				"south": {"uv": [11.5, 10, 11, 10.75], "texture": "#1"},
				"west": {"uv": [12.25, 6, 12.75, 6.75], "texture": "#1"},
				"up": {"uv": [11.75, 4.75, 11.25, 4.25], "texture": "#1"},
				"down": {"uv": [12.75, 4.25, 12.25, 4.75], "texture": "#1"}
			}
		},
		{
			"name": "right_arm_layer",
			"from": [9.85, 2.65, 10.5],
			"to": [12.35, 5.65, 10.5],
			"rotation": {"angle": 45, "axis": "z", "origin": [11.35, 3.6, 9.225]},
			"faces": {
				"north": {"uv": [13.5, 10, 13, 10.75], "texture": "#1"},
				"east": {"uv": [10.25, 6, 10.75, 6.75], "texture": "#1"},
				"south": {"uv": [13, 10, 13.5, 10.75], "texture": "#1"},
				"west": {"uv": [12.25, 6, 12.75, 6.75], "texture": "#1"},
				"up": {"uv": [11.75, 4.75, 11.25, 4.25], "texture": "#1"},
				"down": {"uv": [12.75, 4.25, 12.25, 4.75], "texture": "#1"}
			}
		},
		{
			"name": "right_arm_layer",
			"from": [12.35, 2.65, 8],
			"to": [12.35, 5.65, 10.5],
			"rotation": {"angle": 45, "axis": "z", "origin": [11.35, 3.6, 9.225]},
			"faces": {
				"north": {"uv": [11.25, 10, 11.75, 10.75], "texture": "#1"},
				"east": {"uv": [10.25, 10, 10.75, 10.75], "texture": "#1"},
				"south": {"uv": [11.25, 10, 11.75, 10.75], "texture": "#1"},
				"west": {"uv": [10.75, 10, 10.25, 10.75], "texture": "#1"},
				"up": {"uv": [11.75, 4.75, 11.25, 4.25], "texture": "#1"},
				"down": {"uv": [12.75, 4.25, 12.25, 4.75], "texture": "#1"}
			}
		},
		{
			"name": "right_arm_layer",
			"from": [9.85, 2.65, 8],
			"to": [9.85, 5.65, 10.5],
			"rotation": {"angle": 45, "axis": "z", "origin": [11.35, 3.6, 9.225]},
			"faces": {
				"north": {"uv": [11.25, 10, 11.75, 10.75], "texture": "#1"},
				"east": {"uv": [12.75, 10, 12.25, 10.75], "texture": "#1"},
				"south": {"uv": [11.25, 10, 11.75, 10.75], "texture": "#1"},
				"west": {"uv": [12.25, 10, 12.75, 10.75], "texture": "#1"},
				"up": {"uv": [11.75, 4.75, 11.25, 4.25], "texture": "#1"},
				"down": {"uv": [12.75, 4.25, 12.25, 4.75], "texture": "#1"}
			}
		},
		{
			"name": "right_arm_layer",
			"from": [9.85, 1.4, 8],
			"to": [12.35, 2.65, 8],
			"rotation": {"angle": 45, "axis": "z", "origin": [11.35, 3.6, 9.225]},
			"faces": {
				"north": {"uv": [11.25, 11.75, 11.75, 12], "texture": "#1"},
				"east": {"uv": [10.25, 6, 10.75, 6.75], "texture": "#1"},
				"south": {"uv": [11.75, 11.75, 11.25, 12], "texture": "#1"},
				"west": {"uv": [12.25, 6, 12.75, 6.75], "texture": "#1"},
				"up": {"uv": [11.75, 4.75, 11.25, 4.25], "texture": "#1"},
				"down": {"uv": [12.75, 4.25, 12.25, 4.75], "texture": "#1"}
			}
		},
		{
			"name": "right_arm_layer",
			"from": [12.35, 1.4, 8],
			"to": [12.35, 2.65, 10.5],
			"rotation": {"angle": 45, "axis": "z", "origin": [11.35, 3.6, 9.225]},
			"faces": {
				"north": {"uv": [11.25, 10, 11.75, 10.75], "texture": "#1"},
				"east": {"uv": [10.25, 11.75, 10.75, 12], "texture": "#1"},
				"south": {"uv": [11.25, 10, 11.75, 10.75], "texture": "#1"},
				"west": {"uv": [10.75, 11.75, 10.25, 12], "texture": "#1"},
				"up": {"uv": [11.75, 4.75, 11.25, 4.25], "texture": "#1"},
				"down": {"uv": [12.75, 4.25, 12.25, 4.75], "texture": "#1"}
			}
		},
		{
			"name": "right_arm_layer",
			"from": [9.85, 1.4, 8],
			"to": [9.85, 2.65, 10.5],
			"rotation": {"angle": 45, "axis": "z", "origin": [11.35, 3.6, 9.225]},
			"faces": {
				"north": {"uv": [11.25, 10, 11.75, 10.75], "texture": "#1"},
				"east": {"uv": [12.75, 11.75, 12.25, 12], "texture": "#1"},
				"south": {"uv": [11.25, 10, 11.75, 10.75], "texture": "#1"},
				"west": {"uv": [12.25, 11.75, 12.75, 12], "texture": "#1"},
				"up": {"uv": [11.75, 4.75, 11.25, 4.25], "texture": "#1"},
				"down": {"uv": [12.75, 4.25, 12.25, 4.75], "texture": "#1"}
			}
		},
		{
			"name": "right_arm_layer",
			"from": [9.85, 1.4, 10.5],
			"to": [12.35, 2.65, 10.5],
			"rotation": {"angle": 45, "axis": "z", "origin": [11.35, 3.6, 9.225]},
			"faces": {
				"north": {"uv": [13.75, 11.75, 13.25, 12], "texture": "#1"},
				"east": {"uv": [10.25, 6, 10.75, 6.75], "texture": "#1"},
				"south": {"uv": [13.25, 11.75, 13.75, 12], "texture": "#1"},
				"west": {"uv": [12.25, 6, 12.75, 6.75], "texture": "#1"},
				"up": {"uv": [11.75, 4.75, 11.25, 4.25], "texture": "#1"},
				"down": {"uv": [12.75, 4.25, 12.25, 4.75], "texture": "#1"}
			}
		},
		{
			"name": "right_arm_layer",
			"from": [9.85, 5.65, 8],
			"to": [9.85, 6.9, 10.5],
			"rotation": {"angle": 45, "axis": "z", "origin": [11.35, 3.6, 9.225]},
			"faces": {
				"north": {"uv": [11.25, 10, 11.75, 10.75], "texture": "#1"},
				"east": {"uv": [12.75, 9, 12.25, 9.25], "texture": "#1"},
				"south": {"uv": [11.25, 10, 11.75, 10.75], "texture": "#1"},
				"west": {"uv": [12.25, 9, 12.75, 9.25], "texture": "#1"},
				"up": {"uv": [11.75, 4.75, 11.25, 4.25], "texture": "#1"},
				"down": {"uv": [12.75, 4.25, 12.25, 4.75], "texture": "#1"}
			}
		},
		{
			"name": "right_arm_layer",
			"from": [9.85, 5.65, 10.5],
			"to": [12.35, 6.9, 10.5],
			"rotation": {"angle": 45, "axis": "z", "origin": [11.35, 3.6, 9.225]},
			"faces": {
				"north": {"uv": [13.5, 9, 13, 9.25], "texture": "#1"},
				"east": {"uv": [10.25, 6, 10.75, 6.75], "texture": "#1"},
				"south": {"uv": [13, 9, 13.5, 9.25], "texture": "#1"},
				"west": {"uv": [12.25, 6, 12.75, 6.75], "texture": "#1"},
				"up": {"uv": [11.75, 4.75, 11.25, 4.25], "texture": "#1"},
				"down": {"uv": [12.75, 4.25, 12.25, 4.75], "texture": "#1"}
			}
		},
		{
			"name": "right_arm_layer",
			"from": [12.35, 5.65, 8],
			"to": [12.35, 6.9, 10.5],
			"rotation": {"angle": 45, "axis": "z", "origin": [11.35, 3.6, 9.225]},
			"faces": {
				"north": {"uv": [11.25, 10, 11.75, 10.75], "texture": "#1"},
				"east": {"uv": [10.25, 9, 10.75, 9.25], "texture": "#1"},
				"south": {"uv": [11.25, 10, 11.75, 10.75], "texture": "#1"},
				"west": {"uv": [10.75, 9, 10.25, 9.25], "texture": "#1"},
				"up": {"uv": [11.75, 4.75, 11.25, 4.25], "texture": "#1"},
				"down": {"uv": [12.75, 4.25, 12.25, 4.75], "texture": "#1"}
			}
		},
		{
			"name": "right_arm_layer",
			"from": [9.85, 5.65, 8],
			"to": [12.35, 6.9, 8],
			"rotation": {"angle": 45, "axis": "z", "origin": [11.35, 3.6, 9.225]},
			"faces": {
				"north": {"uv": [11.25, 9, 11.75, 9.25], "texture": "#1"},
				"east": {"uv": [10.25, 6, 10.75, 6.75], "texture": "#1"},
				"south": {"uv": [11.75, 9, 11.25, 9.25], "texture": "#1"},
				"west": {"uv": [12.25, 6, 12.75, 6.75], "texture": "#1"},
				"up": {"uv": [11.75, 4.75, 11.25, 4.25], "texture": "#1"},
				"down": {"uv": [12.75, 4.25, 12.25, 4.75], "texture": "#1"}
			}
		},
		{
			"name": "right_arm_layer",
			"from": [9.85, 6.9, 8],
			"to": [12.35, 6.9, 10.5],
			"rotation": {"angle": 45, "axis": "z", "origin": [11.35, 3.6, 9.225]},
			"faces": {
				"north": {"uv": [11.25, 9, 11.75, 9.25], "texture": "#1"},
				"east": {"uv": [10.25, 6, 10.75, 6.75], "texture": "#1"},
				"south": {"uv": [11.25, 9, 11.75, 9.25], "texture": "#1"},
				"west": {"uv": [12.25, 6, 12.75, 6.75], "texture": "#1"},
				"up": {"uv": [11.75, 8.75, 11.25, 8.25], "texture": "#1"},
				"down": {"uv": [11.75, 8.25, 11.25, 8.75], "texture": "#1"}
			}
		},
		{
			"name": "right_arm_layer",
			"from": [9.85, 1.4, 8],
			"to": [12.35, 1.4, 10.5],
			"rotation": {"angle": 45, "axis": "z", "origin": [11.35, 3.6, 9.225]},
			"faces": {
				"north": {"uv": [11.25, 9, 11.75, 9.25], "texture": "#1"},
				"east": {"uv": [10.25, 6, 10.75, 6.75], "texture": "#1"},
				"south": {"uv": [11.25, 9, 11.75, 9.25], "texture": "#1"},
				"west": {"uv": [12.25, 6, 12.75, 6.75], "texture": "#1"},
				"up": {"uv": [12.75, 8.75, 12.25, 8.25], "texture": "#1"},
				"down": {"uv": [12.75, 8.25, 12.25, 8.75], "texture": "#1"}
			}
		},
		{
			"name": "left_arm_cube",
			"from": [4.275, 5.65, 8.25],
			"to": [6.275, 6.65, 10.25],
			"rotation": {"angle": -45, "axis": "z", "origin": [4.85, 4.05, 9.225]},
			"faces": {
				"north": {"uv": [9.75, 13, 9.25, 13.25], "texture": "#1"},
				"east": {"uv": [8.75, 13, 8.25, 13.25], "texture": "#1"},
				"south": {"uv": [11.5, 13, 11, 13.25], "texture": "#1"},
				"west": {"uv": [10.75, 13, 10.25, 13.25], "texture": "#1"},
				"up": {"uv": [9.5, 12.5, 9.75, 12], "texture": "#1"},
				"down": {"uv": [12, 4.25, 12.5, 4.75], "texture": "#1"}
			}
		},
		{
			"name": "left_arm_cube",
			"from": [4.275, 1.65, 8.25],
			"to": [6.275, 2.65, 10.25],
			"rotation": {"angle": -45, "axis": "z", "origin": [4.85, 4.05, 9.225]},
			"faces": {
				"north": {"uv": [9.75, 15.75, 9.25, 16], "texture": "#1"},
				"east": {"uv": [8.75, 15.75, 8.25, 16], "texture": "#1"},
				"south": {"uv": [11.5, 15.75, 11, 16], "texture": "#1"},
				"west": {"uv": [10.75, 15.75, 10.25, 16], "texture": "#1"},
				"up": {"uv": [11.25, 4.75, 11.75, 4.25], "texture": "#1"},
				"down": {"uv": [10, 12.25, 10.5, 12.75], "texture": "#1"}
			}
		},
		{
			"name": "left_arm_cube",
			"from": [4.275, 2.65, 8.25],
			"to": [6.275, 5.65, 10.25],
			"rotation": {"angle": -45, "axis": "z", "origin": [4.85, 4.05, 9.225]},
			"faces": {
				"north": {"uv": [9.75, 14, 9.25, 14.75], "texture": "#1"},
				"east": {"uv": [8.75, 14, 8.25, 14.75], "texture": "#1"},
				"south": {"uv": [11.5, 14, 11, 14.75], "texture": "#1"},
				"west": {"uv": [10.75, 14, 10.25, 14.75], "texture": "#1"},
				"up": {"uv": [11.25, 4.75, 11.75, 4.25], "texture": "#1"},
				"down": {"uv": [12.25, 4.25, 12.75, 4.75], "texture": "#1"}
			}
		},
		{
			"name": "left_arm_layer",
			"from": [4.025, 2.65, 8],
			"to": [6.525, 5.65, 8],
			"rotation": {"angle": -45, "axis": "z", "origin": [4.85, 4.05, 9.225]},
			"faces": {
				"north": {"uv": [13.75, 14, 13.25, 14.75], "texture": "#1"},
				"east": {"uv": [12.75, 6, 12.25, 6.75], "texture": "#1"},
				"south": {"uv": [13.25, 14, 13.75, 14.75], "texture": "#1"},
				"west": {"uv": [10.75, 6, 10.25, 6.75], "texture": "#1"},
				"up": {"uv": [11.25, 4.75, 11.75, 4.25], "texture": "#1"},
				"down": {"uv": [12.25, 4.25, 12.75, 4.75], "texture": "#1"}
			}
		},
		{
			"name": "left_arm_layer",
			"from": [4.025, 2.65, 10.5],
			"to": [6.525, 5.65, 10.5],
			"rotation": {"angle": -45, "axis": "z", "origin": [4.85, 4.05, 9.225]},
			"faces": {
				"north": {"uv": [14.75, 14, 15.25, 14.75], "texture": "#1"},
				"east": {"uv": [12.75, 6, 12.25, 6.75], "texture": "#1"},
				"south": {"uv": [15.25, 14, 14.75, 14.75], "texture": "#1"},
				"west": {"uv": [10.75, 6, 10.25, 6.75], "texture": "#1"},
				"up": {"uv": [11.25, 4.75, 11.75, 4.25], "texture": "#1"},
				"down": {"uv": [12.25, 4.25, 12.75, 4.75], "texture": "#1"}
			}
		},
		{
			"name": "left_arm_layer",
			"from": [4.025, 2.65, 8],
			"to": [4.025, 5.65, 10.5],
			"rotation": {"angle": -45, "axis": "z", "origin": [4.85, 4.05, 9.225]},
			"faces": {
				"north": {"uv": [11.75, 10, 11.25, 10.75], "texture": "#1"},
				"east": {"uv": [14.25, 14, 14.75, 14.75], "texture": "#1"},
				"south": {"uv": [11.75, 10, 11.25, 10.75], "texture": "#1"},
				"west": {"uv": [14.75, 14, 14.25, 14.75], "texture": "#1"},
				"up": {"uv": [11.25, 4.75, 11.75, 4.25], "texture": "#1"},
				"down": {"uv": [12.25, 4.25, 12.75, 4.75], "texture": "#1"}
			}
		},
		{
			"name": "left_arm_layer",
			"from": [6.525, 2.65, 8],
			"to": [6.525, 5.65, 10.5],
			"rotation": {"angle": -45, "axis": "z", "origin": [4.85, 4.05, 9.225]},
			"faces": {
				"north": {"uv": [11.75, 10, 11.25, 10.75], "texture": "#1"},
				"east": {"uv": [14.75, 14, 14.25, 14.75], "texture": "#1"},
				"south": {"uv": [11.75, 10, 11.25, 10.75], "texture": "#1"},
				"west": {"uv": [14.25, 14, 14.75, 14.75], "texture": "#1"},
				"up": {"uv": [11.25, 4.75, 11.75, 4.25], "texture": "#1"},
				"down": {"uv": [12.25, 4.25, 12.75, 4.75], "texture": "#1"}
			}
		},
		{
			"name": "left_arm_layer",
			"from": [4.025, 1.4, 8],
			"to": [6.525, 2.65, 8],
			"rotation": {"angle": -45, "axis": "z", "origin": [4.85, 4.05, 9.225]},
			"faces": {
				"north": {"uv": [13.75, 15.75, 13.25, 16], "texture": "#1"},
				"east": {"uv": [12.75, 6, 12.25, 6.75], "texture": "#1"},
				"south": {"uv": [13.25, 15.75, 13.75, 16], "texture": "#1"},
				"west": {"uv": [10.75, 6, 10.25, 6.75], "texture": "#1"},
				"up": {"uv": [11.25, 4.75, 11.75, 4.25], "texture": "#1"},
				"down": {"uv": [12.25, 4.25, 12.75, 4.75], "texture": "#1"}
			}
		},
		{
			"name": "left_arm_layer",
			"from": [4.025, 1.4, 8],
			"to": [4.025, 2.65, 10.5],
			"rotation": {"angle": -45, "axis": "z", "origin": [4.85, 4.05, 9.225]},
			"faces": {
				"north": {"uv": [11.75, 10, 11.25, 10.75], "texture": "#1"},
				"east": {"uv": [14.25, 15.75, 14.75, 16], "texture": "#1"},
				"south": {"uv": [11.75, 10, 11.25, 10.75], "texture": "#1"},
				"west": {"uv": [14.75, 15.75, 14.25, 16], "texture": "#1"},
				"up": {"uv": [11.25, 4.75, 11.75, 4.25], "texture": "#1"},
				"down": {"uv": [12.25, 4.25, 12.75, 4.75], "texture": "#1"}
			}
		},
		{
			"name": "left_arm_layer",
			"from": [6.525, 1.4, 8],
			"to": [6.525, 2.65, 10.5],
			"rotation": {"angle": -45, "axis": "z", "origin": [4.85, 4.05, 9.225]},
			"faces": {
				"north": {"uv": [11.75, 10, 11.25, 10.75], "texture": "#1"},
				"east": {"uv": [14.75, 15.75, 14.25, 16], "texture": "#1"},
				"south": {"uv": [11.75, 10, 11.25, 10.75], "texture": "#1"},
				"west": {"uv": [14.25, 15.75, 14.75, 16], "texture": "#1"},
				"up": {"uv": [11.25, 4.75, 11.75, 4.25], "texture": "#1"},
				"down": {"uv": [12.25, 4.25, 12.75, 4.75], "texture": "#1"}
			}
		},
		{
			"name": "left_arm_layer",
			"from": [4.025, 1.4, 10.5],
			"to": [6.525, 2.65, 10.5],
			"rotation": {"angle": -45, "axis": "z", "origin": [4.85, 4.05, 9.225]},
			"faces": {
				"north": {"uv": [15.25, 15.75, 15.75, 16], "texture": "#1"},
				"east": {"uv": [12.75, 6, 12.25, 6.75], "texture": "#1"},
				"south": {"uv": [15.75, 15.75, 15.25, 16], "texture": "#1"},
				"west": {"uv": [10.75, 6, 10.25, 6.75], "texture": "#1"},
				"up": {"uv": [11.25, 4.75, 11.75, 4.25], "texture": "#1"},
				"down": {"uv": [12.25, 4.25, 12.75, 4.75], "texture": "#1"}
			}
		},
		{
			"name": "left_arm_layer",
			"from": [6.525, 5.65, 8],
			"to": [6.525, 6.9, 10.5],
			"rotation": {"angle": -45, "axis": "z", "origin": [4.85, 4.05, 9.225]},
			"faces": {
				"north": {"uv": [11.75, 10, 11.25, 10.75], "texture": "#1"},
				"east": {"uv": [14.75, 13, 14.25, 13.25], "texture": "#1"},
				"south": {"uv": [11.75, 10, 11.25, 10.75], "texture": "#1"},
				"west": {"uv": [14.25, 13, 14.75, 13.25], "texture": "#1"},
				"up": {"uv": [11.25, 4.75, 11.75, 4.25], "texture": "#1"},
				"down": {"uv": [12.25, 4.25, 12.75, 4.75], "texture": "#1"}
			}
		},
		{
			"name": "left_arm_layer",
			"from": [4.025, 5.65, 10.5],
			"to": [6.525, 6.9, 10.5],
			"rotation": {"angle": -45, "axis": "z", "origin": [4.85, 4.05, 9.225]},
			"faces": {
				"north": {"uv": [15, 13, 15.5, 13.25], "texture": "#1"},
				"east": {"uv": [12.75, 6, 12.25, 6.75], "texture": "#1"},
				"south": {"uv": [15.5, 13, 15, 13.25], "texture": "#1"},
				"west": {"uv": [10.75, 6, 10.25, 6.75], "texture": "#1"},
				"up": {"uv": [11.25, 4.75, 11.75, 4.25], "texture": "#1"},
				"down": {"uv": [12.25, 4.25, 12.75, 4.75], "texture": "#1"}
			}
		},
		{
			"name": "left_arm_layer",
			"from": [4.025, 5.65, 8],
			"to": [4.025, 6.9, 10.5],
			"rotation": {"angle": -45, "axis": "z", "origin": [4.85, 4.05, 9.225]},
			"faces": {
				"north": {"uv": [11.75, 10, 11.25, 10.75], "texture": "#1"},
				"east": {"uv": [14.25, 13, 14.75, 13.25], "texture": "#1"},
				"south": {"uv": [11.75, 10, 11.25, 10.75], "texture": "#1"},
				"west": {"uv": [14.75, 13, 14.25, 13.25], "texture": "#1"},
				"up": {"uv": [11.25, 4.75, 11.75, 4.25], "texture": "#1"},
				"down": {"uv": [12.25, 4.25, 12.75, 4.75], "texture": "#1"}
			}
		},
		{
			"name": "left_arm_layer",
			"from": [4.025, 5.65, 8],
			"to": [6.525, 6.9, 8],
			"rotation": {"angle": -45, "axis": "z", "origin": [4.85, 4.05, 9.225]},
			"faces": {
				"north": {"uv": [13.75, 13, 13.25, 13.25], "texture": "#1"},
				"east": {"uv": [12.75, 6, 12.25, 6.75], "texture": "#1"},
				"south": {"uv": [13.25, 13, 13.75, 13.25], "texture": "#1"},
				"west": {"uv": [10.75, 6, 10.25, 6.75], "texture": "#1"},
				"up": {"uv": [11.25, 4.75, 11.75, 4.25], "texture": "#1"},
				"down": {"uv": [12.25, 4.25, 12.75, 4.75], "texture": "#1"}
			}
		},
		{
			"name": "left_arm_layer",
			"from": [4.025, 1.4, 8],
			"to": [6.525, 1.4, 10.5],
			"rotation": {"angle": -45, "axis": "z", "origin": [4.85, 4.05, 9.225]},
			"faces": {
				"north": {"uv": [11.75, 9, 11.25, 9.25], "texture": "#1"},
				"east": {"uv": [12.75, 6, 12.25, 6.75], "texture": "#1"},
				"south": {"uv": [11.75, 9, 11.25, 9.25], "texture": "#1"},
				"west": {"uv": [10.75, 6, 10.25, 6.75], "texture": "#1"},
				"up": {"uv": [14.25, 12.75, 14.75, 12.25], "texture": "#1"},
				"down": {"uv": [14.25, 12.25, 14.75, 12.75], "texture": "#1"}
			}
		},
		{
			"name": "left_arm_layer",
			"from": [4.025, 6.9, 8],
			"to": [6.525, 6.9, 10.5],
			"rotation": {"angle": -45, "axis": "z", "origin": [4.85, 4.05, 9.225]},
			"faces": {
				"north": {"uv": [11.75, 9, 11.25, 9.25], "texture": "#1"},
				"east": {"uv": [12.75, 6, 12.25, 6.75], "texture": "#1"},
				"south": {"uv": [11.75, 9, 11.25, 9.25], "texture": "#1"},
				"west": {"uv": [10.75, 6, 10.25, 6.75], "texture": "#1"},
				"up": {"uv": [13.25, 12.75, 13.75, 12.25], "texture": "#1"},
				"down": {"uv": [13.25, 12.25, 13.75, 12.75], "texture": "#1"}
			}
		},
		{
			"name": "right_leg_cube",
			"from": [7.9, 0.025, 5.3],
			"to": [9.9, 2.025, 9.3],
			"rotation": {"angle": -22.5, "axis": "y", "origin": [8.9, -1.975, 9.7]},
			"faces": {
				"north": {"uv": [2.75, 4.25, 2.25, 4.75], "rotation": 180, "texture": "#1"},
				"east": {"uv": [0.25, 5.5, 0.75, 6.5], "rotation": 270, "texture": "#1"},
				"south": {"uv": [1.75, 4.75, 1.25, 4.25], "texture": "#1"},
				"west": {"uv": [2.25, 5.5, 2.75, 6.5], "rotation": 90, "texture": "#1"},
				"up": {"uv": [1.25, 5.5, 1.75, 6.5], "rotation": 180, "texture": "#1"},
				"down": {"uv": [3.25, 5.5, 3.75, 6.5], "texture": "#1"}
			}
		},
		{
			"name": "right_leg_layer",
			"from": [10.15, -0.225, 5.05],
			"to": [10.15, 2.275, 10.05],
			"rotation": {"angle": -22.5, "axis": "y", "origin": [8.9, -1.975, 9.7]},
			"faces": {
				"north": {"uv": [2.75, 4.25, 2.25, 4.75], "rotation": 180, "texture": "#1"},
				"east": {"uv": [0.25, 9.25, 0.75, 10.5], "rotation": 270, "texture": "#1"},
				"south": {"uv": [1.75, 4.75, 1.25, 4.25], "texture": "#1"},
				"west": {"uv": [0.75, 9.25, 0.25, 10.5], "rotation": 90, "texture": "#1"},
				"up": {"uv": [1.25, 5.5, 1.75, 6.5], "rotation": 180, "texture": "#1"},
				"down": {"uv": [3.25, 5.5, 3.75, 6.5], "texture": "#1"}
			}
		},
		{
			"name": "right_leg_layer",
			"from": [7.65, -0.225, 5.05],
			"to": [7.65, 2.275, 10.05],
			"rotation": {"angle": -22.5, "axis": "y", "origin": [8.9, -1.975, 9.7]},
			"faces": {
				"north": {"uv": [2.75, 4.25, 2.25, 4.75], "rotation": 180, "texture": "#1"},
				"east": {"uv": [2.75, 9.25, 2.25, 10.5], "rotation": 270, "texture": "#1"},
				"south": {"uv": [1.75, 4.75, 1.25, 4.25], "texture": "#1"},
				"west": {"uv": [2.25, 9.25, 2.75, 10.5], "rotation": 90, "texture": "#1"},
				"up": {"uv": [1.25, 5.5, 1.75, 6.5], "rotation": 180, "texture": "#1"},
				"down": {"uv": [3.25, 5.5, 3.75, 6.5], "texture": "#1"}
			}
		},
		{
			"name": "right_leg_layer",
			"from": [7.65, 2.275, 5.05],
			"to": [10.15, 2.275, 10.05],
			"rotation": {"angle": -22.5, "axis": "y", "origin": [8.9, -1.975, 9.7]},
			"faces": {
				"north": {"uv": [2.75, 4.25, 2.25, 4.75], "rotation": 180, "texture": "#1"},
				"east": {"uv": [0.25, 5.5, 0.75, 6.5], "rotation": 270, "texture": "#1"},
				"south": {"uv": [1.75, 4.75, 1.25, 4.25], "texture": "#1"},
				"west": {"uv": [2.25, 5.5, 2.75, 6.5], "rotation": 90, "texture": "#1"},
				"up": {"uv": [1.25, 9.25, 1.75, 10.5], "rotation": 180, "texture": "#1"},
				"down": {"uv": [1.75, 9.25, 1.25, 10.5], "texture": "#1"}
			}
		},
		{
			"name": "right_leg_layer",
			"from": [7.65, -0.225, 5.05],
			"to": [10.15, -0.225, 10.05],
			"rotation": {"angle": -22.5, "axis": "y", "origin": [8.9, -1.975, 9.7]},
			"faces": {
				"north": {"uv": [2.75, 4.25, 2.25, 4.75], "rotation": 180, "texture": "#1"},
				"east": {"uv": [0.25, 5.5, 0.75, 6.5], "rotation": 270, "texture": "#1"},
				"south": {"uv": [1.75, 4.75, 1.25, 4.25], "texture": "#1"},
				"west": {"uv": [2.25, 5.5, 2.75, 6.5], "rotation": 90, "texture": "#1"},
				"up": {"uv": [3.75, 9.25, 3.25, 10.5], "rotation": 180, "texture": "#1"},
				"down": {"uv": [3.25, 9.25, 3.75, 10.5], "texture": "#1"}
			}
		},
		{
			"name": "right_leg_layer",
			"from": [7.65, -0.225, 4.05],
			"to": [7.65, 2.275, 5.05],
			"rotation": {"angle": -22.5, "axis": "y", "origin": [8.9, -1.975, 9.7]},
			"faces": {
				"north": {"uv": [2.75, 4.25, 2.25, 4.75], "rotation": 180, "texture": "#1"},
				"east": {"uv": [2.75, 11.5, 2.25, 11.75], "rotation": 270, "texture": "#1"},
				"south": {"uv": [1.75, 4.75, 1.25, 4.25], "texture": "#1"},
				"west": {"uv": [2.25, 11.5, 2.75, 11.75], "rotation": 90, "texture": "#1"},
				"up": {"uv": [1.25, 5.5, 1.75, 6.5], "rotation": 180, "texture": "#1"},
				"down": {"uv": [3.25, 5.5, 3.75, 6.5], "texture": "#1"}
			}
		},
		{
			"name": "right_leg_layer",
			"from": [7.65, -0.225, 4.05],
			"to": [10.15, -0.225, 5.05],
			"rotation": {"angle": -22.5, "axis": "y", "origin": [8.9, -1.975, 9.7]},
			"faces": {
				"north": {"uv": [2.75, 4.25, 2.25, 4.75], "rotation": 180, "texture": "#1"},
				"east": {"uv": [0.25, 5.5, 0.75, 6.5], "rotation": 270, "texture": "#1"},
				"south": {"uv": [1.75, 4.75, 1.25, 4.25], "texture": "#1"},
				"west": {"uv": [2.25, 5.5, 2.75, 6.5], "rotation": 90, "texture": "#1"},
				"up": {"uv": [3.75, 11.5, 3.25, 11.75], "rotation": 180, "texture": "#1"},
				"down": {"uv": [3.25, 11.5, 3.75, 11.75], "texture": "#1"}
			}
		},
		{
			"name": "right_leg_layer",
			"from": [10.15, -0.225, 4.05],
			"to": [10.15, 2.275, 5.05],
			"rotation": {"angle": -22.5, "axis": "y", "origin": [8.9, -1.975, 9.7]},
			"faces": {
				"north": {"uv": [2.75, 4.25, 2.25, 4.75], "rotation": 180, "texture": "#1"},
				"east": {"uv": [0.25, 11.5, 0.75, 11.75], "rotation": 270, "texture": "#1"},
				"south": {"uv": [1.75, 4.75, 1.25, 4.25], "texture": "#1"},
				"west": {"uv": [0.75, 11.5, 0.25, 11.75], "rotation": 90, "texture": "#1"},
				"up": {"uv": [1.25, 5.5, 1.75, 6.5], "rotation": 180, "texture": "#1"},
				"down": {"uv": [3.25, 5.5, 3.75, 6.5], "texture": "#1"}
			}
		},
		{
			"name": "right_leg_layer",
			"from": [7.65, 2.275, 4.05],
			"to": [10.15, 2.275, 5.05],
			"rotation": {"angle": -22.5, "axis": "y", "origin": [8.9, -1.975, 9.7]},
			"faces": {
				"north": {"uv": [2.75, 4.25, 2.25, 4.75], "rotation": 180, "texture": "#1"},
				"east": {"uv": [0.25, 5.5, 0.75, 6.5], "rotation": 270, "texture": "#1"},
				"south": {"uv": [1.75, 4.75, 1.25, 4.25], "texture": "#1"},
				"west": {"uv": [2.25, 5.5, 2.75, 6.5], "rotation": 90, "texture": "#1"},
				"up": {"uv": [1.25, 11.5, 1.75, 11.75], "rotation": 180, "texture": "#1"},
				"down": {"uv": [1.75, 11.5, 1.25, 11.75], "texture": "#1"}
			}
		},
		{
			"name": "right_leg_layer",
			"from": [7.65, -0.225, 4.05],
			"to": [10.15, 2.275, 4.05],
			"rotation": {"angle": -22.5, "axis": "y", "origin": [8.9, -1.975, 9.7]},
			"faces": {
				"north": {"uv": [2.75, 8.5, 2.25, 9], "rotation": 180, "texture": "#1"},
				"east": {"uv": [0.25, 5.5, 0.75, 6.5], "rotation": 270, "texture": "#1"},
				"south": {"uv": [2.25, 8.5, 2.75, 9], "rotation": 180, "texture": "#1"},
				"west": {"uv": [2.25, 5.5, 2.75, 6.5], "rotation": 90, "texture": "#1"},
				"up": {"uv": [1.25, 11.5, 1.75, 11.75], "rotation": 180, "texture": "#1"},
				"down": {"uv": [1.75, 11.5, 1.25, 11.75], "texture": "#1"}
			}
		},
		{
			"name": "right_leg_cube",
			"from": [7.9, 0.025, 4.3],
			"to": [9.9, 2.025, 5.3],
			"rotation": {"angle": -22.5, "axis": "y", "origin": [8.9, -1.975, 9.7]},
			"faces": {
				"north": {"uv": [2.75, 4.25, 2.25, 4.75], "rotation": 180, "texture": "#1"},
				"east": {"uv": [0.25, 7.75, 0.75, 8], "rotation": 270, "texture": "#1"},
				"south": {"uv": [1.75, 4.75, 1.25, 4.25], "texture": "#1"},
				"west": {"uv": [2.25, 7.75, 2.75, 8], "rotation": 90, "texture": "#1"},
				"up": {"uv": [1.25, 7.75, 1.75, 8], "rotation": 180, "texture": "#1"},
				"down": {"uv": [3.25, 7.75, 3.75, 8], "texture": "#1"}
			}
		},
		{
			"name": "left_leg_cube",
			"from": [5.9, 0.025, 5.45],
			"to": [7.9, 2.025, 9.45],
			"rotation": {"angle": 22.5, "axis": "y", "origin": [6.65, -2, 9.25]},
			"faces": {
				"north": {"uv": [6, 12.25, 6.5, 12.75], "rotation": 180, "texture": "#1"},
				"east": {"uv": [4.75, 13.5, 4.25, 14.5], "rotation": 270, "texture": "#1"},
				"south": {"uv": [5, 12.75, 5.5, 12.25], "texture": "#1"},
				"west": {"uv": [7, 13.5, 6.5, 14.5], "rotation": 90, "texture": "#1"},
				"up": {"uv": [5.75, 13.5, 5.25, 14.5], "rotation": 180, "texture": "#1"},
				"down": {"uv": [7.75, 13.5, 7.25, 14.5], "texture": "#1"}
			}
		},
		{
			"name": "left_leg_cube",
			"from": [5.9, 0.025, 4.45],
			"to": [7.9, 2.025, 5.45],
			"rotation": {"angle": 22.5, "axis": "y", "origin": [6.65, -2, 9.25]},
			"faces": {
				"north": {"uv": [6, 12.25, 6.5, 12.75], "rotation": 180, "texture": "#1"},
				"east": {"uv": [6.75, 15.75, 6.25, 16], "rotation": 270, "texture": "#1"},
				"south": {"uv": [5, 12.75, 5.5, 12.25], "texture": "#1"},
				"west": {"uv": [4.75, 15.75, 4.25, 16], "rotation": 90, "texture": "#1"},
				"up": {"uv": [5.75, 15.75, 5.25, 16], "rotation": 180, "texture": "#1"},
				"down": {"uv": [7.75, 15.75, 7.25, 16], "texture": "#1"}
			}
		},
		{
			"name": "left_leg_layer",
			"from": [5.65, 2.275, 4.2],
			"to": [8.15, 2.275, 5.2],
			"rotation": {"angle": 22.5, "axis": "y", "origin": [6.65, -2, 9.25]},
			"faces": {
				"north": {"uv": [2.25, 4.25, 2.75, 4.75], "rotation": 180, "texture": "#1"},
				"east": {"uv": [2.75, 5.5, 2.25, 6.5], "rotation": 270, "texture": "#1"},
				"south": {"uv": [1.25, 4.75, 1.75, 4.25], "texture": "#1"},
				"west": {"uv": [0.75, 5.5, 0.25, 6.5], "rotation": 90, "texture": "#1"},
				"up": {"uv": [1.75, 15.5, 1.25, 15.75], "rotation": 180, "texture": "#1"},
				"down": {"uv": [1.25, 15.5, 1.75, 15.75], "texture": "#1"}
			}
		},
		{
			"name": "left_leg_layer",
			"from": [5.65, -0.225, 4.2],
			"to": [8.15, 2.275, 4.2],
			"rotation": {"angle": 22.5, "axis": "y", "origin": [6.65, -2, 9.25]},
			"faces": {
				"north": {"uv": [2.25, 12.5, 2.75, 13], "rotation": 180, "texture": "#1"},
				"east": {"uv": [2.75, 5.5, 2.25, 6.5], "rotation": 270, "texture": "#1"},
				"south": {"uv": [2.75, 12.5, 2.25, 13], "rotation": 180, "texture": "#1"},
				"west": {"uv": [0.75, 5.5, 0.25, 6.5], "rotation": 90, "texture": "#1"},
				"up": {"uv": [1.75, 15.5, 1.25, 15.75], "rotation": 180, "texture": "#1"},
				"down": {"uv": [1.25, 15.5, 1.75, 15.75], "texture": "#1"}
			}
		},
		{
			"name": "left_leg_layer",
			"from": [5.65, -0.225, 4.2],
			"to": [5.65, 2.275, 5.2],
			"rotation": {"angle": 22.5, "axis": "y", "origin": [6.65, -2, 9.25]},
			"faces": {
				"north": {"uv": [2.25, 4.25, 2.75, 4.75], "rotation": 180, "texture": "#1"},
				"east": {"uv": [0.25, 15.5, 0.75, 15.75], "rotation": 270, "texture": "#1"},
				"south": {"uv": [1.25, 4.75, 1.75, 4.25], "texture": "#1"},
				"west": {"uv": [0.75, 15.5, 0.25, 15.75], "rotation": 90, "texture": "#1"},
				"up": {"uv": [1.75, 5.5, 1.25, 6.5], "rotation": 180, "texture": "#1"},
				"down": {"uv": [3.75, 5.5, 3.25, 6.5], "texture": "#1"}
			}
		},
		{
			"name": "left_leg_layer",
			"from": [5.65, -0.225, 4.2],
			"to": [8.15, -0.225, 5.2],
			"rotation": {"angle": 22.5, "axis": "y", "origin": [6.65, -2, 9.25]},
			"faces": {
				"north": {"uv": [2.25, 4.25, 2.75, 4.75], "rotation": 180, "texture": "#1"},
				"east": {"uv": [2.75, 5.5, 2.25, 6.5], "rotation": 270, "texture": "#1"},
				"south": {"uv": [1.25, 4.75, 1.75, 4.25], "texture": "#1"},
				"west": {"uv": [0.75, 5.5, 0.25, 6.5], "rotation": 90, "texture": "#1"},
				"up": {"uv": [3.25, 15.5, 3.75, 15.75], "rotation": 180, "texture": "#1"},
				"down": {"uv": [3.75, 15.5, 3.25, 15.75], "texture": "#1"}
			}
		},
		{
			"name": "left_leg_layer",
			"from": [8.15, -0.225, 4.2],
			"to": [8.15, 2.275, 5.2],
			"rotation": {"angle": 22.5, "axis": "y", "origin": [6.65, -2, 9.25]},
			"faces": {
				"north": {"uv": [2.25, 4.25, 2.75, 4.75], "rotation": 180, "texture": "#1"},
				"east": {"uv": [2.75, 15.5, 2.25, 15.75], "rotation": 270, "texture": "#1"},
				"south": {"uv": [1.25, 4.75, 1.75, 4.25], "texture": "#1"},
				"west": {"uv": [2.25, 15.5, 2.75, 15.75], "rotation": 90, "texture": "#1"},
				"up": {"uv": [1.75, 5.5, 1.25, 6.5], "rotation": 180, "texture": "#1"},
				"down": {"uv": [3.75, 5.5, 3.25, 6.5], "texture": "#1"}
			}
		},
		{
			"name": "left_leg_layer",
			"from": [5.65, -0.225, 5.2],
			"to": [8.15, -0.225, 10.2],
			"rotation": {"angle": 22.5, "axis": "y", "origin": [6.65, -2, 9.25]},
			"faces": {
				"north": {"uv": [2.25, 4.25, 2.75, 4.75], "rotation": 180, "texture": "#1"},
				"east": {"uv": [2.75, 5.5, 2.25, 6.5], "rotation": 270, "texture": "#1"},
				"south": {"uv": [1.25, 4.75, 1.75, 4.25], "texture": "#1"},
				"west": {"uv": [0.75, 5.5, 0.25, 6.5], "rotation": 90, "texture": "#1"},
				"up": {"uv": [3.75, 13.25, 3.25, 14.5], "rotation": 180, "texture": "#1"},
				"down": {"uv": [3.25, 13.25, 3.75, 14.5], "texture": "#1"}
			}
		},
		{
			"name": "left_leg_layer",
			"from": [5.65, 2.275, 5.2],
			"to": [8.15, 2.275, 10.2],
			"rotation": {"angle": 22.5, "axis": "y", "origin": [6.65, -2, 9.25]},
			"faces": {
				"north": {"uv": [2.25, 4.25, 2.75, 4.75], "rotation": 180, "texture": "#1"},
				"east": {"uv": [2.75, 5.5, 2.25, 6.5], "rotation": 270, "texture": "#1"},
				"south": {"uv": [1.25, 4.75, 1.75, 4.25], "texture": "#1"},
				"west": {"uv": [0.75, 5.5, 0.25, 6.5], "rotation": 90, "texture": "#1"},
				"up": {"uv": [1.25, 13.25, 1.75, 14.5], "rotation": 180, "texture": "#1"},
				"down": {"uv": [1.75, 13.25, 1.25, 14.5], "texture": "#1"}
			}
		},
		{
			"name": "left_leg_layer",
			"from": [5.65, -0.225, 5.2],
			"to": [5.65, 2.275, 10.2],
			"rotation": {"angle": 22.5, "axis": "y", "origin": [6.65, -2, 9.25]},
			"faces": {
				"north": {"uv": [2.25, 4.25, 2.75, 4.75], "rotation": 180, "texture": "#1"},
				"east": {"uv": [2.25, 13.25, 2.75, 14.5], "rotation": 270, "texture": "#1"},
				"south": {"uv": [1.25, 4.75, 1.75, 4.25], "texture": "#1"},
				"west": {"uv": [2.75, 13.25, 2.25, 14.5], "rotation": 90, "texture": "#1"},
				"up": {"uv": [1.75, 5.5, 1.25, 6.5], "rotation": 180, "texture": "#1"},
				"down": {"uv": [3.75, 5.5, 3.25, 6.5], "texture": "#1"}
			}
		},
		{
			"name": "left_leg_layer",
			"from": [8.15, -0.225, 5.2],
			"to": [8.15, 2.275, 10.2],
			"rotation": {"angle": 22.5, "axis": "y", "origin": [6.65, -2, 9.25]},
			"faces": {
				"north": {"uv": [2.25, 4.25, 2.75, 4.75], "rotation": 180, "texture": "#1"},
				"east": {"uv": [0.25, 13.25, 0.75, 14.5], "rotation": 270, "texture": "#1"},
				"south": {"uv": [1.25, 4.75, 1.75, 4.25], "texture": "#1"},
				"west": {"uv": [0.75, 13.25, 0.25, 14.5], "rotation": 90, "texture": "#1"},
				"up": {"uv": [1.75, 5.5, 1.25, 6.5], "rotation": 180, "texture": "#1"},
				"down": {"uv": [3.75, 5.5, 3.25, 6.5], "texture": "#1"}
			}
		},
		{
			"name": "skull",
			"from": [4, 6.3, 3.375],
			"to": [12, 14.3, 11.375],
			"rotation": {"angle": -22.5, "axis": "x", "origin": [8, 11, 9.25]},
			"faces": {
				"north": {"uv": [2, 2, 4, 4], "texture": "#1"},
				"east": {"uv": [0, 2, 2, 4], "texture": "#1"},
				"south": {"uv": [6, 2, 8, 4], "texture": "#1"},
				"west": {"uv": [4, 2, 6, 4], "texture": "#1"},
				"up": {"uv": [4, 2, 2, 0], "texture": "#1"},
				"down": {"uv": [6, 0, 4, 2], "texture": "#1"}
			}
		},
		{
			"name": "layer",
			"from": [3.5, 14.8, 2.875],
			"to": [12.5, 14.8, 11.875],
			"rotation": {"angle": -22.5, "axis": "x", "origin": [8, 11, 9.25]},
			"faces": {
				"north": {"uv": [2, 2, 4, 4], "texture": "#1"},
				"east": {"uv": [0, 2, 2, 4], "texture": "#1"},
				"south": {"uv": [6, 2, 8, 4], "texture": "#1"},
				"west": {"uv": [4, 2, 6, 4], "texture": "#1"},
				"up": {"uv": [12, 2, 10, 0], "texture": "#1"},
				"down": {"uv": [12, 0, 10, 2], "texture": "#1"}
			}
		},
		{
			"name": "layer",
			"from": [3.5, 5.8, 2.875],
			"to": [12.5, 5.8, 11.875],
			"rotation": {"angle": -22.5, "axis": "x", "origin": [8, 11, 9.25]},
			"faces": {
				"north": {"uv": [2, 2, 4, 4], "texture": "#1"},
				"east": {"uv": [0, 2, 2, 4], "texture": "#1"},
				"south": {"uv": [6, 2, 8, 4], "texture": "#1"},
				"west": {"uv": [4, 2, 6, 4], "texture": "#1"},
				"up": {"uv": [14, 2, 12, 0], "texture": "#1"},
				"down": {"uv": [14, 0, 12, 2], "texture": "#1"}
			}
		},
		{
			"name": "layer",
			"from": [3.5, 5.8, 2.875],
			"to": [3.5, 14.8, 11.875],
			"rotation": {"angle": -22.5, "axis": "x", "origin": [8, 11, 9.25]},
			"faces": {
				"north": {"uv": [2, 2, 4, 4], "texture": "#1"},
				"east": {"uv": [14, 2, 12, 4], "texture": "#1"},
				"south": {"uv": [6, 2, 8, 4], "texture": "#1"},
				"west": {"uv": [12, 2, 14, 4], "texture": "#1"},
				"up": {"uv": [12, 2, 10, 0], "texture": "#1"},
				"down": {"uv": [12, 0, 10, 2], "texture": "#1"}
			}
		},
		{
			"name": "layer",
			"from": [3.5, 5.8, 11.875],
			"to": [12.5, 14.8, 11.875],
			"rotation": {"angle": -22.5, "axis": "x", "origin": [8, 11, 9.25]},
			"faces": {
				"north": {"uv": [16, 2, 14, 4], "texture": "#1"},
				"east": {"uv": [8, 2, 10, 4], "texture": "#1"},
				"south": {"uv": [14, 2, 16, 4], "texture": "#1"},
				"west": {"uv": [4, 2, 6, 4], "texture": "#1"},
				"up": {"uv": [12, 2, 10, 0], "texture": "#1"},
				"down": {"uv": [12, 0, 10, 2], "texture": "#1"}
			}
		},
		{
			"name": "layer",
			"from": [3.5, 5.8, 2.875],
			"to": [12.5, 14.8, 2.875],
			"rotation": {"angle": -22.5, "axis": "x", "origin": [8, 11, 9.25]},
			"faces": {
				"north": {"uv": [10, 2, 12, 4], "texture": "#1"},
				"east": {"uv": [0, 2, 2, 4], "texture": "#1"},
				"south": {"uv": [12, 2, 10, 4], "texture": "#1"},
				"west": {"uv": [4, 2, 6, 4], "texture": "#1"},
				"up": {"uv": [12, 2, 10, 0], "texture": "#1"},
				"down": {"uv": [12, 0, 10, 2], "texture": "#1"}
			}
		},
		{
			"name": "layer",
			"from": [12.5, 5.8, 2.875],
			"to": [12.5, 14.8, 11.875],
			"rotation": {"angle": -22.5, "axis": "x", "origin": [8, 11, 9.25]},
			"faces": {
				"north": {"uv": [4, 2, 2, 4], "texture": "#1"},
				"east": {"uv": [8, 2, 10, 4], "texture": "#1"},
				"south": {"uv": [8, 2, 6, 4], "texture": "#1"},
				"west": {"uv": [10, 2, 8, 4], "texture": "#1"},
				"up": {"uv": [10, 2, 12, 0], "texture": "#1"},
				"down": {"uv": [10, 0, 12, 2], "texture": "#1"}
			}
		}
	],
	"gui_light": "front",
	"display": {
		"thirdperson_righthand": {
			"rotation": [55, 13, 0],
			"translation": [0, 1, 0],
			"scale": [0.34, 0.34, 0.34]
		},
		"thirdperson_lefthand": {
			"rotation": [55, 13, 0],
			"translation": [0, 1, 0],
			"scale": [0.34, 0.34, 0.34]
		},
		"firstperson_righthand": {
			"rotation": [0, 109, 5],
			"translation": [2, 4, 0],
			"scale": [0.42, 0.42, 0.42]
		},
		"firstperson_lefthand": {
			"rotation": [0, 109, 5],
			"translation": [2, 3.75, 0],
			"scale": [0.42, 0.42, 0.42]
		},
		"ground": {
			"translation": [0, 3.5, 0],
			"scale": [0.65, 0.65, 0.65]
		},
		"gui": {
			"rotation": [25, 151, 0],
			"translation": [0.25, -0.25, 0],
			"scale": [0.73, 0.73, 0.73]
		},
		"head": {
			"translation": [0, 15.15, 0]
		},
		"fixed": {
			"rotation": [-90, 0, 0],
			"translation": [0, 0, -14],
			"scale": [1.7, 1.7, 1.7]
		},
		"on_shelf": {
			"rotation": [0, -180, 0]
		}
	},
	"groups": [
		{
			"name": "base",
			"origin": [0, 5.6, 0],
			"color": 0,
			"children": [
				0,
				1,
				2,
				3,
				4,
				5,
				6,
				7,
				8,
				9,
				10,
				11,
				12,
				13,
				14,
				15,
				{
					"name": "right_arm",
					"origin": [3.125, 9.5, 0],
					"color": 0,
					"children": [16, 17, 18, 19, 20, 21, 22, 23, 24, 25, 26, 27, 28, 29, 30, 31, 32]
				},
				{
					"name": "left_arm",
					"origin": [-3.125, 9.5, 0],
					"color": 0,
					"children": [33, 34, 35, 36, 37, 38, 39, 40, 41, 42, 43, 44, 45, 46, 47, 48, 49]
				},
				{
					"name": "right_leg",
					"origin": [1.5, 4, 0],
					"color": 0,
					"children": [50, 51, 52, 53, 54, 55, 56, 57, 58, 59, 60]
				},
				{
					"name": "left_leg",
					"origin": [-1.5, 4, 0],
					"color": 0,
					"children": [61, 62, 63, 64, 65, 66, 67, 68, 69, 70, 71]
				},
				{
					"name": "head",
					"origin": [0, 10.02967, -0.075],
					"color": 0,
					"children": [72, 73, 74, 75, 76, 77, 78]
				}
			]
		}
	],
	"mcmodels": "b8b118234b9ee4e512900f347818a2dc"
}