{
	"credit": "Created by Mickey Joe Alpha - http://YouTube.com/@MushirMickeyJoe",
	"textures": {
		"particle": "item/weapons/netherite_sword/lightsabers/darthsaber"
	},
	"elements": [
		{
			"from": [7.975, 5, 7.5],
			"to": [8.025, 26, 8.5],
			"light_emission": 15,
			"rotation": {"angle": 0, "axis": "y", "origin": [8, 7.75, 8]},
			"faces": {
				"east": {"uv": [0, 0, 1, 1], "texture": "#particle"},
				"west": {"uv": [0, 0, 1, 1], "texture": "#particle"}
			}
		},
		{
			"from": [8, 5, 7.4],
			"to": [8, 26.1, 8.6],
			"light_emission": 15,
			"rotation": {"angle": 0, "axis": "y", "origin": [8, 7.75, 8]},
			"faces": {
				"east": {"uv": [0, 1, 1, 2], "texture": "#particle"},
				"west": {"uv": [0, 1, 1, 2], "texture": "#particle"}
			}
		},
		{
			"from": [9, 27, 9],
			"to": [7, 5, 7],
			"light_emission": 15,
			"rotation": {"angle": 0, "axis": "y", "origin": [8, 7.75, 8]},
			"faces": {
				"north": {"uv": [1, 0, 2, 1], "texture": "#particle"},
				"east": {"uv": [1, 0, 2, 1], "texture": "#particle"},
				"south": {"uv": [1, 0, 2, 1], "texture": "#particle"},
				"west": {"uv": [1, 0, 2, 1], "texture": "#particle"},
				"up": {"uv": [1, 0, 5, 4], "rotation": 180, "texture": "#particle"},
				"down": {"uv": [1, 0, 2, 1], "rotation": 180, "texture": "#particle"}
			}
		},
		{
			"from": [10, 28, 10],
			"to": [6, 4, 6],
			"light_emission": 15,
			"rotation": {"angle": 0, "axis": "y", "origin": [8, 7.75, 8]},
			"faces": {
				"north": {"uv": [5, 0, 6, 1], "texture": "#particle"},
				"east": {"uv": [5, 0, 6, 1], "texture": "#particle"},
				"south": {"uv": [5, 0, 6, 1], "texture": "#particle"},
				"west": {"uv": [5, 0, 6, 1], "texture": "#particle"},
				"down": {"uv": [5, 0, 6, 1], "rotation": 180, "texture": "#particle"}
			}
		},
		{
			"from": [7, -5, 7],
			"to": [9, 6, 9],
			"rotation": {"angle": 0, "axis": "y", "origin": [8, 7.75, 8]},
			"faces": {
				"north": {"uv": [6, 5, 8, 16], "texture": "#particle"},
				"east": {"uv": [4, 5, 6, 16], "texture": "#particle"},
				"south": {"uv": [2, 5, 4, 16], "texture": "#particle"},
				"west": {"uv": [0, 5, 2, 16], "texture": "#particle"},
				"down": {"uv": [7, 3, 5, 5], "texture": "#particle"}
			}
		},
		{
			"from": [7.5, -1, 6],
			"to": [8.5, 1, 7],
			"rotation": {"angle": 0, "axis": "y", "origin": [8, 7.75, 8]},
			"faces": {
				"north": {"uv": [9, 14, 10, 16], "texture": "#particle"},
				"east": {"uv": [8, 14, 9, 16], "texture": "#particle"},
				"west": {"uv": [8, 14, 9, 16], "texture": "#particle"},
				"up": {"uv": [9, 15, 8, 14], "rotation": 180, "texture": "#particle"},
				"down": {"uv": [9, 15, 8, 16], "rotation": 180, "texture": "#particle"}
			}
		},
		{
			"from": [6.5, -5, 6.5],
			"to": [9.5, 5, 9.5],
			"rotation": {"angle": 0, "axis": "y", "origin": [8.5, 7.75, 8.5]},
			"faces": {
				"north": {"uv": [13, 6, 16, 16], "texture": "#particle"},
				"east": {"uv": [13, 6, 16, 16], "texture": "#particle"},
				"south": {"uv": [10, 6, 13, 16], "texture": "#particle"},
				"west": {"uv": [13, 6, 16, 16], "texture": "#particle"}
			}
		},
		{
			"from": [9.5, 0, 9.5],
			"to": [6.5, -5, 6.5],
			"rotation": {"angle": 0, "axis": "y", "origin": [11.5, 17.75, 11.5]},
			"faces": {
				"north": {"uv": [13, 16, 16, 11], "texture": "#particle"},
				"east": {"uv": [13, 16, 16, 11], "texture": "#particle"},
				"south": {"uv": [13, 16, 16, 11], "texture": "#particle"},
				"west": {"uv": [13, 16, 16, 11], "texture": "#particle"}
			}
		}
	],
	"gui_light": "front",
	"display": {
		"thirdperson_righthand": {
			"rotation": [0, 2, 0],
			"translation": [0, 4.7, 2.01]
		},
		"thirdperson_lefthand": {
			"rotation": [0, 2, 0],
			"translation": [0, 4.7, 2.01]
		},
		"firstperson_righthand": {
			"rotation": [1, 27, -6],
			"translation": [2.13, 4.2, 1.13],
			"scale": [0.68, 0.68, 0.68]
		},
		"firstperson_lefthand": {
			"rotation": [1, 27, -6],
			"translation": [2.13, 4.2, 1.13],
			"scale": [0.68, 0.68, 0.68]
		},
		"ground": {
			"rotation": [40, 0, 0],
			"translation": [0, 6.25, -0.25],
			"scale": [0.5, 0.5, 0.5]
		},
		"gui": {
			"rotation": [126, 38, -116],
			"translation": [-1.25, -1.35, 2],
			"scale": [0.67, 0.67, 0.67]
		},
		"head": {
			"rotation": [-93, -180, 0],
			"translation": [0, -5, -19.25],
			"scale": [2, 2, 2]
		},
		"fixed": {
			"rotation": [90, -45, 90],
			"translation": [2, -2.25, -1.25]
		}
	}
}