{
	"credit": "Made by Nog's Menagerie",
	"texture_size": [32, 32],
	"render_type": "minecraft:cutout",
	"textures": {
		"0": "item/plushies/plushie_goat",
		"particle": "item/plushies/plushie_goat"
	},
	"elements": [
		{
			"name": "head",
			"from": [6, 4.27961, -0.52343],
			"to": [10, 8.27961, 5.47657],
			"rotation": {"angle": -45, "axis": "x", "origin": [8, 6.02961, 2.47657]},
			"faces": {
				"north": {"uv": [3, 10, 5, 12], "texture": "#0"},
				"east": {"uv": [8, 3.5, 11, 5.5], "texture": "#0"},
				"south": {"uv": [5, 10, 7, 12], "texture": "#0"},
				"west": {"uv": [8, 5.5, 11, 7.5], "texture": "#0"},
				"up": {"uv": [5, 10, 3, 7], "texture": "#0"},
				"down": {"uv": [10, 7.5, 8, 10.5], "texture": "#0"}
			}
		},
		{
			"name": "head",
			"from": [8, 1.20638, -0.92521],
			"to": [8, 5.20638, 3.07479],
			"rotation": {"angle": 0, "axis": "y", "origin": [8, 6.20638, 2.29979]},
			"faces": {
				"north": {"uv": [0, 0, 0, 2], "texture": "#0"},
				"east": {"uv": [10, 7.5, 12, 9.5], "texture": "#0"},
				"south": {"uv": [0, 0, 0, 2], "texture": "#0"},
				"west": {"uv": [10, 9.5, 12, 11.5], "texture": "#0"},
				"up": {"uv": [0, 2, 0, 0], "texture": "#0"},
				"down": {"uv": [0, 0, 0, 2], "texture": "#0"}
			}
		},
		{
			"name": "head",
			"from": [8.225, 7.94489, 2.99688],
			"to": [9.975, 12.94489, 4.74688],
			"rotation": {"angle": 0, "axis": "y", "origin": [9.5, 10.21989, 3.44688]},
			"faces": {
				"north": {"uv": [7, 10, 8, 12.5], "texture": "#0"},
				"east": {"uv": [0, 10.5, 1, 13], "texture": "#0"},
				"south": {"uv": [1, 10.5, 2, 13], "texture": "#0"},
				"west": {"uv": [2, 10.5, 3, 13], "texture": "#0"},
				"up": {"uv": [8, 13.5, 7, 12.5], "texture": "#0"},
				"down": {"uv": [11, 12.5, 10, 13.5], "texture": "#0"}
			}
		},
		{
			"name": "head",
			"from": [9.975, 7.41989, 3.34688],
			"to": [11.975, 9.41989, 4.09688],
			"rotation": {"angle": 0, "axis": "y", "origin": [9.5, 10.21989, 3.44688]},
			"faces": {
				"north": {"uv": [11, 12.5, 12, 13.5], "texture": "#0"},
				"east": {"uv": [7, 13.5, 7.5, 14.5], "texture": "#0"},
				"south": {"uv": [0, 13, 1, 14], "texture": "#0"},
				"west": {"uv": [7.5, 13.5, 8, 14.5], "texture": "#0"},
				"up": {"uv": [12, 7.5, 11, 7], "texture": "#0"},
				"down": {"uv": [11, 13.5, 10, 14], "texture": "#0"}
			}
		},
		{
			"name": "head",
			"from": [6.025, 7.94489, 2.99688],
			"to": [7.775, 12.94489, 4.74688],
			"rotation": {"angle": 0, "axis": "y", "origin": [6.5, 10.21989, 3.44688]},
			"faces": {
				"north": {"uv": [8, 10.5, 9, 13], "texture": "#0"},
				"east": {"uv": [9, 10.5, 10, 13], "texture": "#0"},
				"south": {"uv": [11, 0, 12, 2.5], "texture": "#0"},
				"west": {"uv": [11, 2.5, 12, 5], "texture": "#0"},
				"up": {"uv": [2, 14, 1, 13], "texture": "#0"},
				"down": {"uv": [3, 13, 2, 14], "texture": "#0"}
			}
		},
		{
			"name": "head",
			"from": [4.025, 7.41989, 3.34688],
			"to": [6.025, 9.41989, 4.09688],
			"rotation": {"angle": 0, "axis": "y", "origin": [6.5, 10.21989, 3.44688]},
			"faces": {
				"north": {"uv": [3, 13, 4, 14], "texture": "#0"},
				"east": {"uv": [11, 13.5, 11.5, 14.5], "texture": "#0"},
				"south": {"uv": [4, 13, 5, 14], "texture": "#0"},
				"west": {"uv": [11.5, 13.5, 12, 14.5], "texture": "#0"},
				"up": {"uv": [1, 14.5, 0, 14], "texture": "#0"},
				"down": {"uv": [15, 0, 14, 0.5], "texture": "#0"}
			}
		},
		{
			"name": "torso",
			"from": [5, 0, 4],
			"to": [11, 7, 14],
			"rotation": {"angle": 0, "axis": "y", "origin": [8, 2.0045, 5.60355]},
			"faces": {
				"north": {"uv": [0, 7, 3, 10.5], "texture": "#0"},
				"east": {"uv": [0, 0, 5, 3.5], "texture": "#0"},
				"south": {"uv": [8, 0, 11, 3.5], "texture": "#0"},
				"west": {"uv": [0, 3.5, 5, 7], "texture": "#0"},
				"up": {"uv": [8, 5, 5, 0], "texture": "#0"},
				"down": {"uv": [8, 5, 5, 10], "texture": "#0"}
			}
		},
		{
			"name": "left_leg",
			"from": [10.16282, 0.009, 11.99603],
			"to": [14.16282, 2.009, 13.99603],
			"rotation": {"angle": -22.5, "axis": "y", "origin": [10.66282, 1.009, 12.99603]},
			"faces": {
				"north": {"uv": [11, 5, 13, 6], "texture": "#0"},
				"east": {"uv": [5, 13, 6, 14], "texture": "#0"},
				"south": {"uv": [11, 6, 13, 7], "texture": "#0"},
				"west": {"uv": [13, 5, 14, 6], "texture": "#0"},
				"up": {"uv": [12, 12.5, 10, 11.5], "texture": "#0"},
				"down": {"uv": [14, 0, 12, 1], "texture": "#0"}
			}
		},
		{
			"name": "left_arm",
			"from": [10.54645, 0.009, 5.43436],
			"to": [14.54645, 2.009, 7.43436],
			"rotation": {"angle": 22.5, "axis": "y", "origin": [7, 2.0045, 5.85355]},
			"faces": {
				"north": {"uv": [12, 1, 14, 2], "texture": "#0"},
				"east": {"uv": [6, 13, 7, 14], "texture": "#0"},
				"south": {"uv": [12, 2, 14, 3], "texture": "#0"},
				"west": {"uv": [13, 6, 14, 7], "texture": "#0"},
				"up": {"uv": [5, 13, 3, 12], "texture": "#0"},
				"down": {"uv": [14, 3, 12, 4], "texture": "#0"}
			}
		},
		{
			"name": "left_arm",
			"from": [1.45355, 0.009, 5.43436],
			"to": [5.45355, 2.009, 7.43436],
			"rotation": {"angle": -22.5, "axis": "y", "origin": [9, 2.0045, 5.85355]},
			"faces": {
				"north": {"uv": [12, 4, 14, 5], "texture": "#0"},
				"east": {"uv": [8, 13, 9, 14], "texture": "#0"},
				"south": {"uv": [5, 12, 7, 13], "texture": "#0"},
				"west": {"uv": [9, 13, 10, 14], "texture": "#0"},
				"up": {"uv": [14, 8, 12, 7], "texture": "#0"},
				"down": {"uv": [14, 8, 12, 9], "texture": "#0"}
			}
		},
		{
			"name": "left_leg",
			"from": [1.83718, 0.009, 11.99603],
			"to": [5.83718, 2.009, 13.99603],
			"rotation": {"angle": 22.5, "axis": "y", "origin": [5.33718, 1.009, 12.99603]},
			"faces": {
				"north": {"uv": [12, 9, 14, 10], "texture": "#0"},
				"east": {"uv": [12, 13, 13, 14], "texture": "#0"},
				"south": {"uv": [12, 10, 14, 11], "texture": "#0"},
				"west": {"uv": [13, 13, 14, 14], "texture": "#0"},
				"up": {"uv": [14, 12, 12, 11], "texture": "#0"},
				"down": {"uv": [14, 12, 12, 13], "texture": "#0"}
			}
		}
	],
	"display": {
		"thirdperson_righthand": {
			"rotation": [2, 138, 0],
			"translation": [0, 5.75, 1.25],
			"scale": [0.86, 0.86, 0.86]
		},
		"thirdperson_lefthand": {
			"rotation": [2, 132, 0],
			"translation": [0, 5.75, 1.25],
			"scale": [0.86, 0.86, 0.86]
		},
		"firstperson_righthand": {
			"rotation": [0, 109, 5],
			"translation": [1.75, 7, 0],
			"scale": [0.92, 0.92, 0.92]
		},
		"firstperson_lefthand": {
			"rotation": [0, 109, 5],
			"translation": [1.75, 7, 0],
			"scale": [0.92, 0.92, 0.92]
		},
		"ground": {
			"translation": [0, 3.5, 0],
			"scale": [0.65, 0.65, 0.65]
		},
		"gui": {
			"rotation": [25, 151, 0],
			"translation": [0.25, 4, 0],
			"scale": [0.93, 0.93, 0.93]
		},
		"head": {
			"translation": [0, 14.4, 0]
		},
		"fixed": {
			"translation": [0, 8, 0],
			"scale": [1.7, 1.7, 1.7]
		}
	},
	"groups": [
		{
			"name": "nm_plushie_goat",
			"origin": [8, 8, 8],
			"color": 0,
			"children": [0, 1, 2, 3, 4, 5, 6, 7, 8, 9, 10]
		}
	]
}