{
	"credit": "Made by Nog's Menagerie",
	"texture_size": [64, 64],
	"render_type": "minecraft:cutout",
	"textures": {
		"0": "item/plushies/plushie_panda",
		"particle": "item/plushies/plushie_panda"
	},
	"elements": [
		{
			"name": "head",
			"from": [4.5, 0, 0.5],
			"to": [11.5, 6, 5.5],
			"rotation": {"angle": 0, "axis": "y", "origin": [8, 2.0045, 7.10355]},
			"faces": {
				"north": {"uv": [5, 0, 6.75, 1.5], "texture": "#0"},
				"east": {"uv": [5, 6.25, 6.25, 7.75], "texture": "#0"},
				"south": {"uv": [5, 4.75, 6.75, 6.25], "texture": "#0"},
				"west": {"uv": [6.25, 6.25, 7.5, 7.75], "texture": "#0"},
				"up": {"uv": [6.75, 2.75, 5, 1.5], "texture": "#0"},
				"down": {"uv": [7.25, 2.75, 5.5, 4], "texture": "#0"}
			}
		},
		{
			"name": "head",
			"from": [5.5, 0, -1.5],
			"to": [10.5, 3, 0.5],
			"rotation": {"angle": 0, "axis": "y", "origin": [8, 2.0045, 7.10355]},
			"faces": {
				"north": {"uv": [5.5, 4, 6.75, 4.75], "texture": "#0"},
				"east": {"uv": [4.5, 8.25, 5, 9], "texture": "#0"},
				"south": {"uv": [0, 6.75, 1.25, 7.5], "texture": "#0"},
				"west": {"uv": [8, 8.25, 8.5, 9], "texture": "#0"},
				"up": {"uv": [7.25, 8.25, 6, 7.75], "texture": "#0"},
				"down": {"uv": [8.5, 7.75, 7.25, 8.25], "texture": "#0"}
			}
		},
		{
			"name": "head",
			"from": [3.5, 5, 2.5],
			"to": [6.5, 8, 3.5],
			"rotation": {"angle": 0, "axis": "y", "origin": [8, 2.0045, 7.10355]},
			"faces": {
				"north": {"uv": [8, 0, 8.75, 0.75], "texture": "#0"},
				"east": {"uv": [5, 8.5, 5.25, 9.25], "texture": "#0"},
				"south": {"uv": [8, 0.75, 8.75, 1.5], "texture": "#0"},
				"west": {"uv": [5.25, 8.5, 5.5, 9.25], "texture": "#0"},
				"up": {"uv": [8, 4, 7.25, 3.75], "texture": "#0"},
				"down": {"uv": [8.75, 6, 8, 6.25], "texture": "#0"}
			}
		},
		{
			"name": "head",
			"from": [9.5, 5, 2.5],
			"to": [12.5, 8, 3.5],
			"rotation": {"angle": 0, "axis": "y", "origin": [8, 2.0045, 7.10355]},
			"faces": {
				"north": {"uv": [8, 1.5, 8.75, 2.25], "texture": "#0"},
				"east": {"uv": [5.5, 8.5, 5.75, 9.25], "texture": "#0"},
				"south": {"uv": [8, 3.75, 8.75, 4.5], "texture": "#0"},
				"west": {"uv": [5.75, 8.5, 6, 9.25], "texture": "#0"},
				"up": {"uv": [9.25, 7.25, 8.5, 7], "texture": "#0"},
				"down": {"uv": [9.25, 7.25, 8.5, 7.5], "texture": "#0"}
			}
		},
		{
			"name": "torso",
			"from": [3, 0, 5.5],
			"to": [13, 8, 16.5],
			"rotation": {"angle": 0, "axis": "y", "origin": [8, 2.0045, 7.10355]},
			"faces": {
				"north": {"uv": [0, 4.75, 2.5, 6.75], "texture": "#0"},
				"east": {"uv": [0, 2.75, 2.75, 4.75], "texture": "#0"},
				"south": {"uv": [2.5, 4.75, 5, 6.75], "texture": "#0"},
				"west": {"uv": [2.75, 2.75, 5.5, 4.75], "texture": "#0"},
				"up": {"uv": [2.5, 2.75, 0, 0], "texture": "#0"},
				"down": {"uv": [5, 0, 2.5, 2.75], "texture": "#0"}
			}
		},
		{
			"name": "torso",
			"from": [6, 2.75, 15.3],
			"to": [10, 5.75, 17.3],
			"rotation": {"angle": -45, "axis": "x", "origin": [8, 4.5, 16.5]},
			"faces": {
				"north": {"uv": [7.5, 7, 8.5, 7.75], "texture": "#0"},
				"east": {"uv": [8.5, 2.25, 9, 3], "texture": "#0"},
				"south": {"uv": [5, 7.75, 6, 8.5], "texture": "#0"},
				"west": {"uv": [8.5, 3, 9, 3.75], "texture": "#0"},
				"up": {"uv": [7, 8.75, 6, 8.25], "texture": "#0"},
				"down": {"uv": [8, 8.25, 7, 8.75], "texture": "#0"}
			}
		},
		{
			"name": "left_leg",
			"from": [-0.66282, 0.009, 12.99603],
			"to": [4.33718, 3.009, 15.99603],
			"rotation": {"angle": 22.5, "axis": "y", "origin": [4.33718, 1.009, 14.49603]},
			"faces": {
				"north": {"uv": [6.75, 0, 8, 0.75], "texture": "#0"},
				"east": {"uv": [8, 4.5, 8.75, 5.25], "texture": "#0"},
				"south": {"uv": [6.75, 0.75, 8, 1.5], "texture": "#0"},
				"west": {"uv": [8, 5.25, 8.75, 6], "texture": "#0"},
				"up": {"uv": [2.5, 7.5, 1.25, 6.75], "texture": "#0"},
				"down": {"uv": [8, 1.5, 6.75, 2.25], "texture": "#0"}
			}
		},
		{
			"name": "left_arm",
			"from": [-0.54645, 0.009, 6.68436],
			"to": [4.45355, 3.009, 9.68436],
			"rotation": {"angle": -22.5, "axis": "y", "origin": [8, 2.0045, 7.10355]},
			"faces": {
				"north": {"uv": [2.5, 6.75, 3.75, 7.5], "texture": "#0"},
				"east": {"uv": [0, 8.25, 0.75, 9], "texture": "#0"},
				"south": {"uv": [3.75, 6.75, 5, 7.5], "texture": "#0"},
				"west": {"uv": [0.75, 8.25, 1.5, 9], "texture": "#0"},
				"up": {"uv": [8, 4.75, 6.75, 4], "texture": "#0"},
				"down": {"uv": [8, 4.75, 6.75, 5.5], "texture": "#0"}
			}
		},
		{
			"name": "left_leg",
			"from": [11.66282, 0.009, 12.99603],
			"to": [16.66282, 3.009, 15.99603],
			"rotation": {"angle": -22.5, "axis": "y", "origin": [11.66282, 1.009, 14.49603]},
			"faces": {
				"north": {"uv": [6.75, 5.5, 8, 6.25], "texture": "#0"},
				"east": {"uv": [1.5, 8.25, 2.25, 9], "texture": "#0"},
				"south": {"uv": [7.25, 2.25, 8.5, 3], "texture": "#0"},
				"west": {"uv": [2.25, 8.25, 3, 9], "texture": "#0"},
				"up": {"uv": [8.5, 3.75, 7.25, 3], "texture": "#0"},
				"down": {"uv": [1.25, 7.5, 0, 8.25], "texture": "#0"}
			}
		},
		{
			"name": "left_arm",
			"from": [11.54645, 0.009, 6.68436],
			"to": [16.54645, 3.009, 9.68436],
			"rotation": {"angle": 22.5, "axis": "y", "origin": [8, 2.0045, 7.10355]},
			"faces": {
				"north": {"uv": [1.25, 7.5, 2.5, 8.25], "texture": "#0"},
				"east": {"uv": [3, 8.25, 3.75, 9], "texture": "#0"},
				"south": {"uv": [2.5, 7.5, 3.75, 8.25], "texture": "#0"},
				"west": {"uv": [3.75, 8.25, 4.5, 9], "texture": "#0"},
				"up": {"uv": [5, 8.25, 3.75, 7.5], "texture": "#0"},
				"down": {"uv": [8.75, 6.25, 7.5, 7], "texture": "#0"}
			}
		}
	],
	"display": {
		"thirdperson_righthand": {
			"rotation": [2, 138, 0],
			"translation": [0, 5.75, 1.25],
			"scale": [0.86, 0.86, 0.86]
		},
		"thirdperson_lefthand": {
			"rotation": [2, 132, 0],
			"translation": [0, 5.75, 1.25],
			"scale": [0.86, 0.86, 0.86]
		},
		"firstperson_righthand": {
			"rotation": [0, 109, 5],
			"translation": [1.75, 7, 0],
			"scale": [0.92, 0.92, 0.92]
		},
		"firstperson_lefthand": {
			"rotation": [0, 109, 5],
			"translation": [1.75, 7, 0],
			"scale": [0.92, 0.92, 0.92]
		},
		"ground": {
			"translation": [0, 3.5, 0],
			"scale": [0.65, 0.65, 0.65]
		},
		"gui": {
			"rotation": [25, 151, 0],
			"translation": [0.25, 4, 0],
			"scale": [0.93, 0.93, 0.93]
		},
		"head": {
			"translation": [0, 14.4, 0]
		},
		"fixed": {
			"translation": [0, 8, 0],
			"scale": [1.7, 1.7, 1.7]
		}
	},
	"groups": [
		{
			"name": "nm_plushie_panda",
			"origin": [8, 8, 8],
			"color": 0,
			"children": [0, 1, 2, 3, 4, 5, 6, 7, 8, 9]
		}
	]
}