{
  "credit": "Made by Nog's Menagerie",
  "texture_size": [32, 32],
  "render_type": "minecraft:cutout",
  "textures": {
    "1": "item/plushies/plushie_chewie_texture"
  },
  "elements": [
    {
      "name": "torso",
      "from": [5.5, 0, 7.25],
      "to": [10.5, 8, 11.25],
      "rotation": {
        "angle": 0,
        "axis": "y",
        "origin": [8, 3.0045, 8.85355]
      },
      "faces": {
        "north": {
          "uv": [7, 7, 9.5, 11],
          "texture": "#1"
        },
        "east": {
          "uv": [2.5, 8, 4.5, 12],
          "texture": "#1"
        },
        "south": {
          "uv": [0, 8, 2.5, 12],
          "texture": "#1"
        },
        "west": {
          "uv": [4.5, 8, 6.5, 12],
          "texture": "#1"
        },
        "up": {
          "uv": [12, 12, 9.5, 10],
          "texture": "#1"
        },
        "down": {
          "uv": [13, 0, 10.5, 2],
          "texture": "#1"
        }
      }
    },
    {
      "name": "torso",
      "from": [10.5, 0, 8.25],
      "to": [11.5, 2, 10.25],
      "rotation": {
        "angle": 0,
        "axis": "y",
        "origin": [8, 3.0045, 8.85355]
      },
      "faces": {
        "north": {
          "uv": [6.5, 8, 7, 9],
          "texture": "#1"
        },
        "east": {
          "uv": [12.5, 6, 13.5, 7],
          "texture": "#1"
        },
        "south": {
          "uv": [6.5, 9, 7, 10],
          "texture": "#1"
        },
        "west": {
          "uv": [13, 7, 14, 8],
          "texture": "#1"
        },
        "up": {
          "uv": [7, 11, 6.5, 10],
          "texture": "#1"
        },
        "down": {
          "uv": [6.5, 12, 6, 13],
          "texture": "#1"
        }
      }
    },
    {
      "name": "head",
      "from": [4.5, 6.6, 4.85],
      "to": [11.5, 14.6, 11.85],
      "rotation": {
        "angle": -22.5,
        "axis": "x",
        "origin": [8, 8.75, 8.25]
      },
      "faces": {
        "north": {
          "uv": [0, 0, 3.5, 4],
          "texture": "#1"
        },
        "east": {
          "uv": [3.5, 0, 7, 4],
          "texture": "#1"
        },
        "south": {
          "uv": [0, 4, 3.5, 8],
          "texture": "#1"
        },
        "west": {
          "uv": [3.5, 4, 7, 8],
          "texture": "#1"
        },
        "up": {
          "uv": [10.5, 3.5, 7, 0],
          "texture": "#1"
        },
        "down": {
          "uv": [10.5, 3.5, 7, 7],
          "texture": "#1"
        }
      }
    },
    {
      "name": "head",
      "from": [7, 8.57716, 3.73519],
      "to": [9, 9.57716, 4.73519],
      "rotation": {
        "angle": -22.5,
        "axis": "x",
        "origin": [8, 9.02716, 8.13519]
      },
      "faces": {
        "north": {
          "uv": [13, 8, 14, 9],
          "texture": "#1"
        },
        "east": {
          "uv": [11.5, 12, 12, 13],
          "texture": "#1"
        },
        "south": {
          "uv": [13, 9, 14, 10],
          "texture": "#1"
        },
        "west": {
          "uv": [6, 13, 6.5, 14],
          "texture": "#1"
        },
        "up": {
          "uv": [14.5, 6.5, 13.5, 6],
          "texture": "#1"
        },
        "down": {
          "uv": [7.5, 13.5, 6.5, 14],
          "texture": "#1"
        }
      }
    },
    {
      "name": "head",
      "from": [2.5, 4.34835, 5.35755],
      "to": [4.5, 9.34835, 5.35755],
      "rotation": {
        "angle": -22.5,
        "axis": "x",
        "origin": [1, 6.84835, 5.35755]
      },
      "faces": {
        "north": {
          "uv": [6.5, 11, 7.5, 13.5],
          "texture": "#1"
        },
        "east": {
          "uv": [0, 0, 0, 2.5],
          "texture": "#1"
        },
        "south": {
          "uv": [7.5, 11, 6.5, 13.5],
          "texture": "#1"
        },
        "west": {
          "uv": [0, 0, 0, 2.5],
          "texture": "#1"
        },
        "up": {
          "uv": [1, 0, 0, 0],
          "texture": "#1"
        },
        "down": {
          "uv": [1, 0, 0, 0],
          "texture": "#1"
        }
      }
    },
    {
      "name": "head",
      "from": [11.5, 4.34835, 5.35755],
      "to": [13.5, 9.34835, 5.35755],
      "rotation": {
        "angle": -22.5,
        "axis": "x",
        "origin": [15, 6.84835, 5.35755]
      },
      "faces": {
        "north": {
          "uv": [7.5, 11, 6.5, 13.5],
          "texture": "#1"
        },
        "east": {
          "uv": [0, 0, 0, 2.5],
          "texture": "#1"
        },
        "south": {
          "uv": [6.5, 11, 7.5, 13.5],
          "texture": "#1"
        },
        "west": {
          "uv": [0, 0, 0, 2.5],
          "texture": "#1"
        },
        "up": {
          "uv": [0, 0, 1, 0],
          "texture": "#1"
        },
        "down": {
          "uv": [0, 0, 1, 0],
          "texture": "#1"
        }
      }
    },
    {
      "name": "head",
      "from": [4.5, 2.46254, 5.93158],
      "to": [11.5, 5.46254, 5.93158],
      "rotation": {
        "angle": 0,
        "axis": "x",
        "origin": [8, 1.46254, 9.43158]
      },
      "faces": {
        "north": {
          "uv": [9.5, 7, 13, 8.5],
          "texture": "#1"
        },
        "east": {
          "uv": [0, 0, 0, 1.5],
          "texture": "#1"
        },
        "south": {
          "uv": [13, 7, 9.5, 8.5],
          "texture": "#1"
        },
        "west": {
          "uv": [0, 0, 0, 1.5],
          "texture": "#1"
        },
        "up": {
          "uv": [3.5, 0, 0, 0],
          "texture": "#1"
        },
        "down": {
          "uv": [3.5, 0, 0, 0],
          "texture": "#1"
        }
      }
    },
    {
      "name": "left_arm",
      "from": [4.16813, 1.74074, 8.25],
      "to": [6.16813, 6.74074, 10.25],
      "rotation": {
        "angle": -45,
        "axis": "z",
        "origin": [5.16813, 4.74074, 9.25]
      },
      "faces": {
        "north": {
          "uv": [1, 12, 2, 14.5],
          "texture": "#1"
        },
        "east": {
          "uv": [2, 12, 3, 14.5],
          "texture": "#1"
        },
        "south": {
          "uv": [3, 12, 4, 14.5],
          "texture": "#1"
        },
        "west": {
          "uv": [4, 12, 5, 14.5],
          "texture": "#1"
        },
        "up": {
          "uv": [14, 12, 13, 11],
          "texture": "#1"
        },
        "down": {
          "uv": [12.5, 13, 11.5, 14],
          "texture": "#1"
        }
      }
    },
    {
      "name": "right_arm",
      "from": [9.83187, 1.74074, 8.25],
      "to": [11.83187, 6.74074, 10.25],
      "rotation": {
        "angle": 45,
        "axis": "z",
        "origin": [10.83187, 4.74074, 9.25]
      },
      "faces": {
        "north": {
          "uv": [2, 12, 1, 14.5],
          "texture": "#1"
        },
        "east": {
          "uv": [5, 12, 4, 14.5],
          "texture": "#1"
        },
        "south": {
          "uv": [4, 12, 3, 14.5],
          "texture": "#1"
        },
        "west": {
          "uv": [3, 12, 2, 14.5],
          "texture": "#1"
        },
        "up": {
          "uv": [13, 12, 14, 11],
          "texture": "#1"
        },
        "down": {
          "uv": [11.5, 13, 12.5, 14],
          "texture": "#1"
        }
      }
    },
    {
      "name": "right_leg",
      "from": [9.075, 0.01, 4.25],
      "to": [11.075, 2.01, 8.25],
      "rotation": {
        "angle": -22.5,
        "axis": "y",
        "origin": [8, 0.01, 6.25]
      },
      "faces": {
        "north": {
          "uv": [13, 12, 14, 13],
          "texture": "#1"
        },
        "east": {
          "uv": [9.5, 12, 11.5, 13],
          "texture": "#1"
        },
        "south": {
          "uv": [12.5, 13, 13.5, 14],
          "texture": "#1"
        },
        "west": {
          "uv": [12, 10, 14, 11],
          "texture": "#1"
        },
        "up": {
          "uv": [6, 14, 5, 12],
          "texture": "#1"
        },
        "down": {
          "uv": [13, 11, 12, 13],
          "texture": "#1"
        }
      }
    },
    {
      "name": "left_leg",
      "from": [4.925, 0.01, 4.25],
      "to": [6.925, 2.01, 8.25],
      "rotation": {
        "angle": 22.5,
        "axis": "y",
        "origin": [8, 0.01, 6.25]
      },
      "faces": {
        "north": {
          "uv": [13.5, 4, 14.5, 5],
          "texture": "#1"
        },
        "east": {
          "uv": [12.5, 2, 14.5, 3],
          "texture": "#1"
        },
        "south": {
          "uv": [13.5, 5, 14.5, 6],
          "texture": "#1"
        },
        "west": {
          "uv": [12.5, 3, 14.5, 4],
          "texture": "#1"
        },
        "up": {
          "uv": [13.5, 6, 12.5, 4],
          "texture": "#1"
        },
        "down": {
          "uv": [14, 0, 13, 2],
          "texture": "#1"
        }
      }
    }
  ],
  "gui_light": "front",
  "display": {
    "thirdperson_righthand": {
      "rotation": [2, 138, 0],
      "translation": [0, 5.75, 1.25],
      "scale": [0.86, 0.86, 0.86]
    },
    "thirdperson_lefthand": {
      "rotation": [2, 132, 0],
      "translation": [0, 5.75, 1.25],
      "scale": [0.86, 0.86, 0.86]
    },
    "firstperson_righthand": {
      "rotation": [0, 109, 5],
      "translation": [1.75, 7, 0],
      "scale": [0.92, 0.92, 0.92]
    },
    "firstperson_lefthand": {
      "rotation": [0, 109, 5],
      "translation": [1.75, 7, 0],
      "scale": [0.92, 0.92, 0.92]
    },
    "ground": {
      "translation": [0, 3.5, 0],
      "scale": [0.65, 0.65, 0.65]
    },
    "gui": {
      "rotation": [25, 151, 0],
      "translation": [0.25, 4, 0],
      "scale": [0.93, 0.93, 0.93]
    },
    "head": {
      "translation": [0, 14.4, 0]
    },
    "fixed": {
      "translation": [0, 8, 0],
      "scale": [1.7, 1.7, 1.7]
    }
  },
  "groups": [
    {
      "name": "base",
      "origin": [8, 8, 8],
      "color": 0,
      "children": [
        0,
        1,
        {
          "name": "group",
          "origin": [8, 7.5, 8.25],
          "color": 0,
          "children": [
            2,
            3,
            {
              "name": "group",
              "origin": [15, 6.84835, 5.35755],
              "color": 0,
              "children": [4, 5, 6]
            }
          ]
        },
        {
          "name": "group",
          "origin": [8, 0.01, 6.25],
          "color": 0,
          "children": [7, 8]
        },
        {
          "name": "group",
          "origin": [2.69325, 1.97297, 9.25],
          "color": 0,
          "children": [9, 10]
        }
      ]
    }
  ]
}