{
	"credit": "Made by Nog's Menagerie",
	"texture_size": [32, 32],
	"render_type": "minecraft:cutout",
	"textures": {
		"0": "item/plushies/plushie_phantom",
		"particle": "item/plushies/plushie_phantom"
	},
	"elements": [
		{
			"name": "torso",
			"from": [4.5, 0, 3],
			"to": [11.5, 2, 11],
			"rotation": {"angle": 0, "axis": "y", "origin": [8, 2.0045, 8.85355]},
			"faces": {
				"north": {"uv": [0, 8, 3.5, 9], "texture": "#0"},
				"east": {"uv": [0, 7, 4, 8], "texture": "#0"},
				"south": {"uv": [8, 4, 11.5, 5], "texture": "#0"},
				"west": {"uv": [7, 0, 11, 1], "texture": "#0"},
				"up": {"uv": [3.5, 4, 0, 0], "texture": "#0"},
				"down": {"uv": [7, 0, 3.5, 4], "texture": "#0"}
			}
		},
		{
			"name": "torso",
			"from": [6.5, 0, 11],
			"to": [9.5, 2, 14],
			"rotation": {"angle": 0, "axis": "y", "origin": [8, 2.0045, 9.85355]},
			"faces": {
				"north": {"uv": [2, 9, 3.5, 10], "texture": "#0"},
				"east": {"uv": [8, 9, 9.5, 10], "texture": "#0"},
				"south": {"uv": [9.5, 1, 11, 2], "texture": "#0"},
				"west": {"uv": [9.5, 2, 11, 3], "texture": "#0"},
				"up": {"uv": [9.5, 6.5, 8, 5], "texture": "#0"},
				"down": {"uv": [5, 8.5, 3.5, 10], "texture": "#0"}
			}
		},
		{
			"name": "torso",
			"from": [7.5, 0.05, 13.425],
			"to": [8.5, 1.05, 16.425],
			"rotation": {"angle": 22.5, "axis": "x", "origin": [8, 1.5, 15.5]},
			"faces": {
				"north": {"uv": [3.5, 8, 4, 8.5], "texture": "#0"},
				"east": {"uv": [7.5, 10, 9, 10.5], "texture": "#0"},
				"south": {"uv": [3.5, 10.5, 4, 11], "texture": "#0"},
				"west": {"uv": [10, 9, 11.5, 9.5], "texture": "#0"},
				"up": {"uv": [9.5, 11.5, 9, 10], "texture": "#0"},
				"down": {"uv": [10.5, 9.5, 10, 11], "texture": "#0"}
			}
		},
		{
			"name": "torso",
			"from": [-1.23254, 1.65538, 4],
			"to": [2.76746, 1.65538, 9.975],
			"rotation": {"angle": 22.5, "axis": "z", "origin": [1.76746, 1.15538, 6.475]},
			"faces": {
				"north": {"uv": [0, 0, 2, 0], "texture": "#0"},
				"east": {"uv": [0, 0, 3, 0], "texture": "#0"},
				"south": {"uv": [0, 0, 2, 0], "texture": "#0"},
				"west": {"uv": [0, 0, 3, 0], "texture": "#0"},
				"up": {"uv": [2, 7, 0, 4], "texture": "#0"},
				"down": {"uv": [4, 4, 2, 7], "texture": "#0"}
			}
		},
		{
			"name": "torso",
			"from": [2.5, 2, 4],
			"to": [3.5, 2, 9.975],
			"rotation": {"angle": 0, "axis": "y", "origin": [8.5, 2.0045, 8.85355]},
			"faces": {
				"north": {"uv": [0, 0, 0.5, 0], "texture": "#0"},
				"east": {"uv": [0, 0, 3, 0], "texture": "#0"},
				"south": {"uv": [0, 0, 0.5, 0], "texture": "#0"},
				"west": {"uv": [0, 0, 3, 0], "texture": "#0"},
				"up": {"uv": [10, 12, 9.5, 9], "texture": "#0"},
				"down": {"uv": [2.5, 10, 2, 13], "texture": "#0"}
			}
		},
		{
			"name": "torso",
			"from": [3.5, 1, 3],
			"to": [4.5, 2, 10],
			"rotation": {"angle": 0, "axis": "y", "origin": [8.5, 2.0045, 8.85355]},
			"faces": {
				"north": {"uv": [4, 10.5, 4.5, 11], "texture": "#0"},
				"east": {"uv": [8, 6.5, 11.5, 7], "texture": "#0"},
				"south": {"uv": [4.5, 10.5, 5, 11], "texture": "#0"},
				"west": {"uv": [8, 8.5, 11.5, 9], "texture": "#0"},
				"up": {"uv": [0.5, 12.5, 0, 9], "texture": "#0"},
				"down": {"uv": [1, 9, 0.5, 12.5], "texture": "#0"}
			}
		},
		{
			"name": "torso",
			"from": [2.5, 1, 3],
			"to": [3.5, 2, 4],
			"rotation": {"angle": 0, "axis": "y", "origin": [8.5, 2.0045, 8.85355]},
			"faces": {
				"north": {"uv": [5, 10.5, 5.5, 11], "texture": "#0"},
				"east": {"uv": [5.5, 10.5, 6, 11], "texture": "#0"},
				"south": {"uv": [6, 10.5, 6.5, 11], "texture": "#0"},
				"west": {"uv": [6.5, 10.5, 7, 11], "texture": "#0"},
				"up": {"uv": [7.5, 11, 7, 10.5], "texture": "#0"},
				"down": {"uv": [8, 10.5, 7.5, 11], "texture": "#0"}
			}
		},
		{
			"name": "torso",
			"from": [-1.23254, 0.65538, 3.025],
			"to": [2.76746, 1.65538, 3.975],
			"rotation": {"angle": 22.5, "axis": "z", "origin": [1.76746, 1.15538, 6.475]},
			"faces": {
				"north": {"uv": [9, 8, 11, 8.5], "texture": "#0"},
				"east": {"uv": [8, 10.5, 8.5, 11], "texture": "#0"},
				"south": {"uv": [9.5, 3, 11.5, 3.5], "texture": "#0"},
				"west": {"uv": [8.5, 10.5, 9, 11], "texture": "#0"},
				"up": {"uv": [11.5, 4, 9.5, 3.5], "texture": "#0"},
				"down": {"uv": [11.5, 5, 9.5, 5.5], "texture": "#0"}
			}
		},
		{
			"name": "torso",
			"from": [13.23254, 1.65538, 4],
			"to": [17.23254, 1.65538, 9.975],
			"rotation": {"angle": -22.5, "axis": "z", "origin": [14.23254, 1.15538, 6.475]},
			"faces": {
				"north": {"uv": [0, 0, 2, 0], "texture": "#0"},
				"east": {"uv": [0, 0, 3, 0], "texture": "#0"},
				"south": {"uv": [0, 0, 2, 0], "texture": "#0"},
				"west": {"uv": [0, 0, 3, 0], "texture": "#0"},
				"up": {"uv": [6, 7, 4, 4], "texture": "#0"},
				"down": {"uv": [8, 4, 6, 7], "texture": "#0"}
			}
		},
		{
			"name": "torso",
			"from": [12.5, 2, 4],
			"to": [13.5, 2, 9.975],
			"rotation": {"angle": 0, "axis": "y", "origin": [7.5, 2.0045, 8.85355]},
			"faces": {
				"north": {"uv": [0, 0, 0.5, 0], "texture": "#0"},
				"east": {"uv": [0, 0, 3, 0], "texture": "#0"},
				"south": {"uv": [0, 0, 0.5, 0], "texture": "#0"},
				"west": {"uv": [0, 0, 3, 0], "texture": "#0"},
				"up": {"uv": [3, 13, 2.5, 10], "texture": "#0"},
				"down": {"uv": [3.5, 10, 3, 13], "texture": "#0"}
			}
		},
		{
			"name": "torso",
			"from": [11.5, 1, 3],
			"to": [12.5, 2, 10],
			"rotation": {"angle": 0, "axis": "y", "origin": [7.5, 2.0045, 8.85355]},
			"faces": {
				"north": {"uv": [10.5, 9.5, 11, 10], "texture": "#0"},
				"east": {"uv": [9, 7, 12.5, 7.5], "texture": "#0"},
				"south": {"uv": [10.5, 10, 11, 10.5], "texture": "#0"},
				"west": {"uv": [9, 7.5, 12.5, 8], "texture": "#0"},
				"up": {"uv": [1.5, 12.5, 1, 9], "texture": "#0"},
				"down": {"uv": [2, 9, 1.5, 12.5], "texture": "#0"}
			}
		},
		{
			"name": "torso",
			"from": [12.5, 1, 3],
			"to": [13.5, 2, 4],
			"rotation": {"angle": 0, "axis": "y", "origin": [7.5, 2.0045, 8.85355]},
			"faces": {
				"north": {"uv": [10.5, 10.5, 11, 11], "texture": "#0"},
				"east": {"uv": [11, 0, 11.5, 0.5], "texture": "#0"},
				"south": {"uv": [11, 0.5, 11.5, 1], "texture": "#0"},
				"west": {"uv": [11, 1, 11.5, 1.5], "texture": "#0"},
				"up": {"uv": [11.5, 2, 11, 1.5], "texture": "#0"},
				"down": {"uv": [11.5, 2, 11, 2.5], "texture": "#0"}
			}
		},
		{
			"name": "torso",
			"from": [13.23254, 0.65538, 3.025],
			"to": [17.23254, 1.65538, 3.975],
			"rotation": {"angle": -22.5, "axis": "z", "origin": [14.23254, 1.15538, 6.475]},
			"faces": {
				"north": {"uv": [9.5, 5.5, 11.5, 6], "texture": "#0"},
				"east": {"uv": [11, 2.5, 11.5, 3], "texture": "#0"},
				"south": {"uv": [9.5, 6, 11.5, 6.5], "texture": "#0"},
				"west": {"uv": [3.5, 11, 4, 11.5], "texture": "#0"},
				"up": {"uv": [5.5, 10.5, 3.5, 10], "texture": "#0"},
				"down": {"uv": [7.5, 10, 5.5, 10.5], "texture": "#0"}
			}
		},
		{
			"name": "torso",
			"from": [5.5, 0, 0],
			"to": [10.5, 3, 3],
			"rotation": {"angle": 0, "axis": "y", "origin": [8, 2.0045, 8.85355]},
			"faces": {
				"north": {"uv": [7, 1, 9.5, 2.5], "texture": "#0"},
				"east": {"uv": [5, 8.5, 6.5, 10], "texture": "#0"},
				"south": {"uv": [7, 2.5, 9.5, 4], "texture": "#0"},
				"west": {"uv": [6.5, 8.5, 8, 10], "texture": "#0"},
				"up": {"uv": [6.5, 8.5, 4, 7], "texture": "#0"},
				"down": {"uv": [9, 7, 6.5, 8.5], "texture": "#0"}
			}
		}
	],
	"display": {
		"thirdperson_righthand": {
			"rotation": [2, 138, 0],
			"translation": [0, 5.75, 1.25],
			"scale": [0.86, 0.86, 0.86]
		},
		"thirdperson_lefthand": {
			"rotation": [2, 132, 0],
			"translation": [0, 5.75, 1.25],
			"scale": [0.86, 0.86, 0.86]
		},
		"firstperson_righthand": {
			"rotation": [0, 109, 5],
			"translation": [1.75, 7, 0],
			"scale": [0.92, 0.92, 0.92]
		},
		"firstperson_lefthand": {
			"rotation": [0, 109, 5],
			"translation": [1.75, 7, 0],
			"scale": [0.92, 0.92, 0.92]
		},
		"ground": {
			"translation": [0, 3.5, 0],
			"scale": [0.65, 0.65, 0.65]
		},
		"gui": {
			"rotation": [25, 151, 0],
			"translation": [0.25, 4, 0],
			"scale": [0.93, 0.93, 0.93]
		},
		"head": {
			"translation": [0, 14.4, 0]
		},
		"fixed": {
			"translation": [0, 8, 0],
			"scale": [1.7, 1.7, 1.7]
		}
	},
	"groups": [
		{
			"name": "nm_plushie_phantom",
			"origin": [8, 8, 8],
			"color": 0,
			"children": [
				0,
				1,
				2,
				{
					"name": "group",
					"origin": [1.26746, 1.15538, 6.475],
					"color": 0,
					"children": [3, 4, 5, 6, 7, 8, 9, 10, 11, 12]
				},
				13
			]
		}
	]
}