{
	"credit": "Made by Nog's Menagerie",
	"texture_size": [32, 32],
	"render_type": "minecraft:cutout",
	"textures": {
		"0": "item/plushies/plushie_breeze_texture",
		"particle": "item/plushies/plushie_breeze_texture"
	},
	"elements": [
		{
			"name": "leg_leg",
			"from": [7, 0.19991, 4.54271],
			"to": [9, 6.19991, 6.54271],
			"rotation": {"angle": -22.5, "axis": "x", "origin": [8, 2.94991, 5.44271]},
			"faces": {
				"north": {"uv": [8, 5, 9, 8], "texture": "#0"},
				"east": {"uv": [8, 8, 9, 11], "texture": "#0"},
				"south": {"uv": [3.5, 8.5, 4.5, 11.5], "texture": "#0"},
				"west": {"uv": [4.5, 8.5, 5.5, 11.5], "texture": "#0"},
				"up": {"uv": [8, 6, 7, 5], "texture": "#0"},
				"down": {"uv": [8, 6, 7, 7], "texture": "#0"}
			}
		},
		{
			"name": "leg_leg",
			"from": [10.08528, -1.13844, 8],
			"to": [12.08528, 4.86156, 10],
			"rotation": {"angle": -22.5, "axis": "z", "origin": [14.08528, 4.11156, 14]},
			"faces": {
				"north": {"uv": [5.5, 8.5, 6.5, 11.5], "texture": "#0"},
				"east": {"uv": [6.5, 8.5, 7.5, 11.5], "texture": "#0"},
				"south": {"uv": [9, 5, 10, 8], "texture": "#0"},
				"west": {"uv": [9, 8, 10, 11], "texture": "#0"},
				"up": {"uv": [12, 9, 11, 8], "texture": "#0"},
				"down": {"uv": [12, 9, 11, 10], "texture": "#0"}
			}
		},
		{
			"name": "leg_leg",
			"from": [3.91472, -1.13844, 8],
			"to": [5.91472, 4.86156, 10],
			"rotation": {"angle": 22.5, "axis": "z", "origin": [1.91472, 4.11156, 14]},
			"faces": {
				"north": {"uv": [10, 5, 11, 8], "texture": "#0"},
				"east": {"uv": [10, 8, 11, 11], "texture": "#0"},
				"south": {"uv": [0, 10.5, 1, 13.5], "texture": "#0"},
				"west": {"uv": [10.5, 0, 11.5, 3], "texture": "#0"},
				"up": {"uv": [10.5, 12, 9.5, 11], "texture": "#0"},
				"down": {"uv": [12, 10, 11, 11], "texture": "#0"}
			}
		},
		{
			"name": "head",
			"from": [4.5, 6.1, 4.5],
			"to": [11.5, 13.1, 11.5],
			"rotation": {"angle": 0, "axis": "y", "origin": [8, 6.36387, 8]},
			"faces": {
				"north": {"uv": [0, 0, 3.5, 3.5], "texture": "#0"},
				"east": {"uv": [0, 3.5, 3.5, 7], "texture": "#0"},
				"south": {"uv": [3.5, 0, 7, 3.5], "texture": "#0"},
				"west": {"uv": [3.5, 3.5, 7, 7], "texture": "#0"},
				"up": {"uv": [3.5, 10.5, 0, 7], "texture": "#0"},
				"down": {"uv": [10.5, 0, 7, 3.5], "texture": "#0"}
			}
		},
		{
			"name": "head",
			"from": [3.5, 8.85, 4],
			"to": [3.5, 11.85, 8],
			"rotation": {"angle": 0, "axis": "y", "origin": [8, 6.36387, 8]},
			"faces": {
				"north": {"uv": [0, 0, 0, 1.5], "texture": "#0"},
				"east": {"uv": [1, 10.5, 3, 12], "texture": "#0"},
				"south": {"uv": [0, 0, 0, 1.5], "texture": "#0"},
				"west": {"uv": [11, 5, 13, 6.5], "texture": "#0"},
				"up": {"uv": [0, 2, 0, 0], "texture": "#0"},
				"down": {"uv": [0, 0, 0, 2], "texture": "#0"}
			}
		},
		{
			"name": "head",
			"from": [3.5, 8.85, 4],
			"to": [12.5, 11.85, 4],
			"rotation": {"angle": 0, "axis": "y", "origin": [8, 6.36387, 8]},
			"faces": {
				"north": {"uv": [3.5, 7, 8, 8.5], "texture": "#0"},
				"east": {"uv": [0, 0, 0, 1.5], "texture": "#0"},
				"south": {"uv": [7, 3.5, 11.5, 5], "texture": "#0"},
				"west": {"uv": [0, 0, 0, 1.5], "texture": "#0"},
				"up": {"uv": [4.5, 0, 0, 0], "texture": "#0"},
				"down": {"uv": [4.5, 0, 0, 0], "texture": "#0"}
			}
		},
		{
			"name": "head",
			"from": [12.5, 8.85, 4],
			"to": [12.5, 11.85, 8],
			"rotation": {"angle": 0, "axis": "y", "origin": [8, 6.36387, 8]},
			"faces": {
				"north": {"uv": [0, 0, 0, 1.5], "texture": "#0"},
				"east": {"uv": [11, 6.5, 13, 8], "texture": "#0"},
				"south": {"uv": [0, 0, 0, 1.5], "texture": "#0"},
				"west": {"uv": [7.5, 11, 9.5, 12.5], "texture": "#0"},
				"up": {"uv": [0, 2, 0, 0], "texture": "#0"},
				"down": {"uv": [0, 0, 0, 2], "texture": "#0"}
			}
		}
	],
	"display": {
		"thirdperson_righthand": {
			"rotation": [2, 138, 0],
			"translation": [0, 5.75, 1.25],
			"scale": [0.86, 0.86, 0.86]
		},
		"thirdperson_lefthand": {
			"rotation": [2, 132, 0],
			"translation": [0, 5.75, 1.25],
			"scale": [0.86, 0.86, 0.86]
		},
		"firstperson_righthand": {
			"rotation": [0, 109, 5],
			"translation": [1.75, 7, 0],
			"scale": [0.92, 0.92, 0.92]
		},
		"firstperson_lefthand": {
			"rotation": [0, 109, 5],
			"translation": [1.75, 7, 0],
			"scale": [0.92, 0.92, 0.92]
		},
		"ground": {
			"translation": [0, 3.5, 0],
			"scale": [0.65, 0.65, 0.65]
		},
		"gui": {
			"rotation": [25, 151, 0],
			"translation": [0.25, 4, 0],
			"scale": [0.93, 0.93, 0.93]
		},
		"head": {
			"translation": [0, 14.4, 0]
		},
		"fixed": {
			"translation": [0, 8, 0],
			"scale": [1.7, 1.7, 1.7]
		}
	},
	"groups": [
		{
			"name": "nm_plushie_breeze",
			"origin": [8, 8, 8],
			"color": 0,
			"children": [
				{
					"name": "group",
					"origin": [8, 7.5, 8.25],
					"color": 0,
					"children": [0, 1, 2]
				},
				3,
				{
					"name": "group",
					"origin": [8, 6.36387, 8],
					"color": 0,
					"children": [4, 5, 6]
				}
			]
		}
	]
}