{
	"format_version": "1.21.6",
	"credit": "Made with Blockbench",
	"texture_size": [64, 64],
	"textures": {
		"0": "item/weapons/trident/xonnies_trident/xonnies_trident",
		"particle": "item/weapons/trident/xonnies_trident/xonnies_trident"
	},
	"elements": [
		{
			"name": "top 1",
			"from": [8.25, 19, 7],
			"to": [8.75, 22, 8],
			"faces": {
				"north": {"uv": [5, 3.5, 5.25, 4.25], "texture": "#0"},
				"east": {"uv": [4, 5, 4.25, 5.75], "texture": "#0"},
				"south": {"uv": [4.5, 5, 4.75, 5.75], "texture": "#0"},
				"west": {"uv": [5, 4.5, 5.25, 5.25], "texture": "#0"},
				"up": {"uv": [8.5, 2.5, 8.25, 2.25], "texture": "#0"},
				"down": {"uv": [8, 8.25, 7.75, 8.5], "texture": "#0"}
			}
		},
		{
			"name": "top 2",
			"from": [8, 19, 7.25],
			"to": [9, 22, 7.75],
			"faces": {
				"north": {"uv": [5.5, 1, 5.75, 1.75], "texture": "#0"},
				"east": {"uv": [5.5, 2, 5.75, 2.75], "texture": "#0"},
				"south": {"uv": [5.5, 3, 5.75, 3.75], "texture": "#0"},
				"west": {"uv": [5.5, 4, 5.75, 4.75], "texture": "#0"},
				"up": {"uv": [8.5, 8.5, 8.25, 8.25], "texture": "#0"},
				"down": {"uv": [8.75, 0.75, 8.5, 1], "texture": "#0"}
			}
		},
		{
			"name": "bottom 1",
			"from": [8.25, -8, 7],
			"to": [8.75, 15, 8],
			"faces": {
				"north": {"uv": [0, 0, 0.25, 5.75], "texture": "#0"},
				"east": {"uv": [0.5, 0, 0.75, 5.75], "texture": "#0"},
				"south": {"uv": [1, 0, 1.25, 5.75], "texture": "#0"},
				"west": {"uv": [1.5, 0, 1.75, 5.75], "texture": "#0"},
				"up": {"uv": [1.75, 8.75, 1.5, 8.5], "texture": "#0"},
				"down": {"uv": [2.75, 8.5, 2.5, 8.75], "texture": "#0"}
			}
		},
		{
			"name": "bottom 2",
			"from": [8, -8, 7.25],
			"to": [9, 15, 7.75],
			"faces": {
				"north": {"uv": [2, 0, 2.25, 5.75], "texture": "#0"},
				"east": {"uv": [2.5, 0, 2.75, 5.75], "texture": "#0"},
				"south": {"uv": [3, 0, 3.25, 5.75], "texture": "#0"},
				"west": {"uv": [3.5, 0, 3.75, 5.75], "texture": "#0"},
				"up": {"uv": [8.75, 3, 8.5, 2.75], "texture": "#0"},
				"down": {"uv": [3.25, 8.5, 3, 8.75], "texture": "#0"}
			}
		},
		{
			"from": [8, 22.5, 8],
			"to": [9, 23.25, 8.25],
			"faces": {
				"north": {"uv": [3.5, 8.5, 3.75, 8.75], "texture": "#0"},
				"east": {"uv": [4, 8.5, 4.25, 8.75], "texture": "#0"},
				"south": {"uv": [8.5, 4.25, 8.75, 4.5], "texture": "#0"},
				"west": {"uv": [4.5, 8.5, 4.75, 8.75], "texture": "#0"},
				"up": {"uv": [8.75, 5, 8.5, 4.75], "texture": "#0"},
				"down": {"uv": [5.25, 8.5, 5, 8.75], "texture": "#0"}
			}
		},
		{
			"from": [8, 22.5, 6.75],
			"to": [9, 23.25, 7],
			"faces": {
				"north": {"uv": [8.5, 5.25, 8.75, 5.5], "texture": "#0"},
				"east": {"uv": [8.5, 5.75, 8.75, 6], "texture": "#0"},
				"south": {"uv": [6.25, 8.5, 6.5, 8.75], "texture": "#0"},
				"west": {"uv": [8.5, 6.25, 8.75, 6.5], "texture": "#0"},
				"up": {"uv": [8.75, 7, 8.5, 6.75], "texture": "#0"},
				"down": {"uv": [8.75, 7.25, 8.5, 7.5], "texture": "#0"}
			}
		},
		{
			"from": [8, 22, 7],
			"to": [9, 23.25, 8],
			"faces": {
				"north": {"uv": [8.5, 7.75, 8.75, 8], "texture": "#0"},
				"east": {"uv": [8.75, 0, 9, 0.25], "texture": "#0"},
				"south": {"uv": [8.75, 1.25, 9, 1.5], "texture": "#0"},
				"west": {"uv": [8.75, 1.75, 9, 2], "texture": "#0"},
				"up": {"uv": [2.25, 9, 2, 8.75], "texture": "#0"},
				"down": {"uv": [9, 2.25, 8.75, 2.5], "texture": "#0"}
			}
		},
		{
			"name": "1x1",
			"from": [8, 24.5, 4.75],
			"to": [9, 25, 6],
			"faces": {
				"north": {"uv": [8.75, 3.25, 9, 3.5], "texture": "#0"},
				"east": {"uv": [8.75, 3.75, 9, 4], "texture": "#0"},
				"south": {"uv": [7.75, 8.75, 8, 9], "texture": "#0"},
				"west": {"uv": [8.25, 8.75, 8.5, 9], "texture": "#0"},
				"up": {"uv": [9, 8.5, 8.75, 8.25], "texture": "#0"},
				"down": {"uv": [9, 8.75, 8.75, 9], "texture": "#0"}
			}
		},
		{
			"name": "3x1",
			"from": [8, 23.5, 6],
			"to": [9, 24, 9],
			"faces": {
				"north": {"uv": [0, 9, 0.25, 9.25], "texture": "#0"},
				"east": {"uv": [5, 5.5, 5.75, 5.75], "texture": "#0"},
				"south": {"uv": [0.5, 9, 0.75, 9.25], "texture": "#0"},
				"west": {"uv": [5.5, 5, 6.25, 5.25], "texture": "#0"},
				"up": {"uv": [0.25, 6.75, 0, 6], "texture": "#0"},
				"down": {"uv": [0.75, 6, 0.5, 6.75], "texture": "#0"}
			}
		},
		{
			"name": "5x1",
			"from": [8, 24, 7.9],
			"to": [9, 24.5, 10],
			"faces": {
				"north": {"uv": [9, 0.5, 9.25, 0.75], "texture": "#0"},
				"east": {"uv": [0, 7, 0.5, 7.25], "texture": "#0"},
				"south": {"uv": [1, 9, 1.25, 9.25], "texture": "#0"},
				"west": {"uv": [0.75, 7, 1.25, 7.25], "texture": "#0"},
				"up": {"uv": [7.25, 1.5, 7, 1], "texture": "#0"},
				"down": {"uv": [1.75, 7, 1.5, 7.5], "texture": "#0"}
			}
		},
		{
			"name": "5x1",
			"from": [8, 24, 5],
			"to": [9, 24.5, 7.1],
			"faces": {
				"north": {"uv": [1.5, 9, 1.75, 9.25], "texture": "#0"},
				"east": {"uv": [7, 1.75, 7.5, 2], "texture": "#0"},
				"south": {"uv": [2.5, 9, 2.75, 9.25], "texture": "#0"},
				"west": {"uv": [2, 7, 2.5, 7.25], "texture": "#0"},
				"up": {"uv": [7.25, 2.75, 7, 2.25], "texture": "#0"},
				"down": {"uv": [3, 7, 2.75, 7.5], "texture": "#0"}
			}
		},
		{
			"name": "1x1",
			"from": [8, 24.5, 9],
			"to": [9, 25, 10.25],
			"faces": {
				"north": {"uv": [9, 2.75, 9.25, 3], "texture": "#0"},
				"east": {"uv": [3, 9, 3.25, 9.25], "texture": "#0"},
				"south": {"uv": [3.5, 9, 3.75, 9.25], "texture": "#0"},
				"west": {"uv": [4, 9, 4.25, 9.25], "texture": "#0"},
				"up": {"uv": [9.25, 4.5, 9, 4.25], "texture": "#0"},
				"down": {"uv": [4.75, 9, 4.5, 9.25], "texture": "#0"}
			}
		},
		{
			"name": "1x4",
			"from": [8, 25, 10],
			"to": [9, 26.75, 10.5],
			"faces": {
				"north": {"uv": [7, 3, 7.25, 3.5], "texture": "#0"},
				"east": {"uv": [3.25, 7, 3.5, 7.5], "texture": "#0"},
				"south": {"uv": [3.75, 7, 4, 7.5], "texture": "#0"},
				"west": {"uv": [7, 3.75, 7.25, 4.25], "texture": "#0"},
				"up": {"uv": [9.25, 5, 9, 4.75], "texture": "#0"},
				"down": {"uv": [5.25, 9, 5, 9.25], "texture": "#0"}
			}
		},
		{
			"name": "1x4",
			"from": [8, 29.75, 10.2],
			"to": [9, 30.5, 10.6],
			"faces": {
				"north": {"uv": [9, 5.25, 9.25, 5.5], "texture": "#0"},
				"east": {"uv": [5.5, 9, 5.75, 9.25], "texture": "#0"},
				"south": {"uv": [9, 5.75, 9.25, 6], "texture": "#0"},
				"west": {"uv": [6, 9, 6.25, 9.25], "texture": "#0"},
				"up": {"uv": [9.25, 6.5, 9, 6.25], "texture": "#0"},
				"down": {"uv": [6.75, 9, 6.5, 9.25], "texture": "#0"}
			}
		},
		{
			"name": "1x4",
			"from": [8, 30.5, 10.05],
			"to": [9, 31.25, 10.35],
			"faces": {
				"north": {"uv": [9, 6.75, 9.25, 7], "texture": "#0"},
				"east": {"uv": [7, 9, 7.25, 9.25], "texture": "#0"},
				"south": {"uv": [9, 7.25, 9.25, 7.5], "texture": "#0"},
				"west": {"uv": [9, 7.75, 9.25, 8], "texture": "#0"},
				"up": {"uv": [9.5, 0.25, 9.25, 0], "texture": "#0"},
				"down": {"uv": [9.5, 1, 9.25, 1.25], "texture": "#0"}
			}
		},
		{
			"name": "1x4",
			"from": [8, 30.5, 4.7],
			"to": [9, 31.25, 5],
			"faces": {
				"north": {"uv": [9.25, 1.5, 9.5, 1.75], "texture": "#0"},
				"east": {"uv": [2, 9.25, 2.25, 9.5], "texture": "#0"},
				"south": {"uv": [9.25, 2, 9.5, 2.25], "texture": "#0"},
				"west": {"uv": [9.25, 3.25, 9.5, 3.5], "texture": "#0"},
				"up": {"uv": [9.5, 4, 9.25, 3.75], "texture": "#0"},
				"down": {"uv": [7.75, 9.25, 7.5, 9.5], "texture": "#0"}
			}
		},
		{
			"name": "1x4",
			"from": [8, 29.75, 4.4],
			"to": [9, 30.5, 4.8],
			"faces": {
				"north": {"uv": [8, 9.25, 8.25, 9.5], "texture": "#0"},
				"east": {"uv": [9.25, 8.25, 9.5, 8.5], "texture": "#0"},
				"south": {"uv": [8.5, 9.25, 8.75, 9.5], "texture": "#0"},
				"west": {"uv": [9.25, 8.75, 9.5, 9], "texture": "#0"},
				"up": {"uv": [9.25, 9.5, 9, 9.25], "texture": "#0"},
				"down": {"uv": [0.25, 9.5, 0, 9.75], "texture": "#0"}
			}
		},
		{
			"name": "1x4",
			"from": [8, 25, 5],
			"to": [9, 25.75, 5.5],
			"faces": {
				"north": {"uv": [0.5, 9.5, 0.75, 9.75], "texture": "#0"},
				"east": {"uv": [9.5, 0.5, 9.75, 0.75], "texture": "#0"},
				"south": {"uv": [1, 9.5, 1.25, 9.75], "texture": "#0"},
				"west": {"uv": [1.5, 9.5, 1.75, 9.75], "texture": "#0"},
				"up": {"uv": [2.75, 9.75, 2.5, 9.5], "texture": "#0"},
				"down": {"uv": [9.75, 2.5, 9.5, 2.75], "texture": "#0"}
			}
		},
		{
			"name": "1x4",
			"from": [8, 25, 9.5],
			"to": [9, 25.75, 10],
			"faces": {
				"north": {"uv": [3, 9.5, 3.25, 9.75], "texture": "#0"},
				"east": {"uv": [3.5, 9.5, 3.75, 9.75], "texture": "#0"},
				"south": {"uv": [4, 9.5, 4.25, 9.75], "texture": "#0"},
				"west": {"uv": [9.5, 4.25, 9.75, 4.5], "texture": "#0"},
				"up": {"uv": [4.75, 9.75, 4.5, 9.5], "texture": "#0"},
				"down": {"uv": [9.75, 4.75, 9.5, 5], "texture": "#0"}
			}
		},
		{
			"name": "1x4",
			"from": [8, 25.75, 10.25],
			"to": [9, 29.75, 10.75],
			"faces": {
				"north": {"uv": [4, 0, 4.25, 1], "texture": "#0"},
				"east": {"uv": [4, 1.25, 4.25, 2.25], "texture": "#0"},
				"south": {"uv": [4, 2.5, 4.25, 3.5], "texture": "#0"},
				"west": {"uv": [4, 3.75, 4.25, 4.75], "texture": "#0"},
				"up": {"uv": [5.25, 9.75, 5, 9.5], "texture": "#0"},
				"down": {"uv": [9.75, 5.25, 9.5, 5.5], "texture": "#0"}
			}
		},
		{
			"name": "1x4",
			"from": [8, 25.75, 4.25],
			"to": [9, 29.75, 4.75],
			"faces": {
				"north": {"uv": [4.5, 0, 4.75, 1], "texture": "#0"},
				"east": {"uv": [4.5, 1.25, 4.75, 2.25], "texture": "#0"},
				"south": {"uv": [4.5, 2.5, 4.75, 3.5], "texture": "#0"},
				"west": {"uv": [4.5, 3.75, 4.75, 4.75], "texture": "#0"},
				"up": {"uv": [5.75, 9.75, 5.5, 9.5], "texture": "#0"},
				"down": {"uv": [9.75, 5.75, 9.5, 6], "texture": "#0"}
			}
		},
		{
			"name": "1x4",
			"from": [8, 25, 4.5],
			"to": [9, 26.75, 5],
			"faces": {
				"north": {"uv": [4.25, 7, 4.5, 7.5], "texture": "#0"},
				"east": {"uv": [7, 4.5, 7.25, 5], "texture": "#0"},
				"south": {"uv": [4.75, 7, 5, 7.5], "texture": "#0"},
				"west": {"uv": [5.25, 7, 5.5, 7.5], "texture": "#0"},
				"up": {"uv": [6.25, 9.75, 6, 9.5], "texture": "#0"},
				"down": {"uv": [9.75, 6.25, 9.5, 6.5], "texture": "#0"}
			}
		},
		{
			"name": "3x1",
			"from": [8, 23.25, 5.75],
			"to": [9, 23.5, 9.25],
			"faces": {
				"north": {"uv": [6.5, 9.5, 6.75, 9.75], "texture": "#0"},
				"east": {"uv": [5, 0, 6, 0.25], "texture": "#0"},
				"south": {"uv": [9.5, 6.75, 9.75, 7], "texture": "#0"},
				"west": {"uv": [5, 0.5, 6, 0.75], "texture": "#0"},
				"up": {"uv": [5.25, 2, 5, 1], "texture": "#0"},
				"down": {"uv": [5.25, 2.25, 5, 3.25], "texture": "#0"}
			}
		},
		{
			"name": "1x4",
			"from": [8, 20.25, 9.25],
			"to": [9, 23.25, 9.5],
			"faces": {
				"north": {"uv": [1, 6, 1.25, 6.75], "texture": "#0"},
				"east": {"uv": [6, 1, 6.25, 1.75], "texture": "#0"},
				"south": {"uv": [1.5, 6, 1.75, 6.75], "texture": "#0"},
				"west": {"uv": [2, 6, 2.25, 6.75], "texture": "#0"},
				"up": {"uv": [7.25, 9.75, 7, 9.5], "texture": "#0"},
				"down": {"uv": [9.75, 7.25, 9.5, 7.5], "texture": "#0"}
			}
		},
		{
			"name": "1x4",
			"from": [8, 20.25, 5.5],
			"to": [9, 23.25, 5.75],
			"faces": {
				"north": {"uv": [6, 2, 6.25, 2.75], "texture": "#0"},
				"east": {"uv": [2.5, 6, 2.75, 6.75], "texture": "#0"},
				"south": {"uv": [3, 6, 3.25, 6.75], "texture": "#0"},
				"west": {"uv": [6, 3, 6.25, 3.75], "texture": "#0"},
				"up": {"uv": [9.75, 8, 9.5, 7.75], "texture": "#0"},
				"down": {"uv": [9.75, 9.25, 9.5, 9.5], "texture": "#0"}
			}
		},
		{
			"name": "1x4",
			"from": [8, 22.5, 5.75],
			"to": [9, 23.25, 6.25],
			"faces": {
				"north": {"uv": [9.75, 0, 10, 0.25], "texture": "#0"},
				"east": {"uv": [9.75, 1, 10, 1.25], "texture": "#0"},
				"south": {"uv": [9.75, 1.5, 10, 1.75], "texture": "#0"},
				"west": {"uv": [2, 9.75, 2.25, 10], "texture": "#0"},
				"up": {"uv": [10, 2.25, 9.75, 2], "texture": "#0"},
				"down": {"uv": [10, 3, 9.75, 3.25], "texture": "#0"}
			}
		},
		{
			"name": "1x4",
			"from": [8, 22.5, 8.75],
			"to": [9, 23.25, 9.25],
			"faces": {
				"north": {"uv": [9.75, 3.5, 10, 3.75], "texture": "#0"},
				"east": {"uv": [7.5, 9.75, 7.75, 10], "texture": "#0"},
				"south": {"uv": [8, 9.75, 8.25, 10], "texture": "#0"},
				"west": {"uv": [9.75, 8.25, 10, 8.5], "texture": "#0"},
				"up": {"uv": [8.75, 10, 8.5, 9.75], "texture": "#0"},
				"down": {"uv": [10, 8.75, 9.75, 9], "texture": "#0"}
			}
		},
		{
			"name": "1x4",
			"from": [8, 21.5, 9],
			"to": [9, 22.5, 9.25],
			"faces": {
				"north": {"uv": [9, 9.75, 9.25, 10], "texture": "#0"},
				"east": {"uv": [9.5, 9.75, 9.75, 10], "texture": "#0"},
				"south": {"uv": [0, 10, 0.25, 10.25], "texture": "#0"},
				"west": {"uv": [0.5, 10, 0.75, 10.25], "texture": "#0"},
				"up": {"uv": [10.25, 0.75, 10, 0.5], "texture": "#0"},
				"down": {"uv": [1.25, 10, 1, 10.25], "texture": "#0"}
			}
		},
		{
			"name": "1x4",
			"from": [8, 19.5, 9.4],
			"to": [9, 21.75, 9.65],
			"faces": {
				"north": {"uv": [7, 5.25, 7.25, 5.75], "texture": "#0"},
				"east": {"uv": [7, 6, 7.25, 6.5], "texture": "#0"},
				"south": {"uv": [6.5, 7, 6.75, 7.5], "texture": "#0"},
				"west": {"uv": [7, 6.75, 7.25, 7.25], "texture": "#0"},
				"up": {"uv": [1.75, 10.25, 1.5, 10], "texture": "#0"},
				"down": {"uv": [2.75, 10, 2.5, 10.25], "texture": "#0"}
			}
		},
		{
			"name": "1x4",
			"from": [8, 19.5, 5.3],
			"to": [9, 21.75, 5.55],
			"faces": {
				"north": {"uv": [7.25, 0, 7.5, 0.5], "texture": "#0"},
				"east": {"uv": [0, 7.5, 0.25, 8], "texture": "#0"},
				"south": {"uv": [0.5, 7.5, 0.75, 8], "texture": "#0"},
				"west": {"uv": [7.5, 0.75, 7.75, 1.25], "texture": "#0"},
				"up": {"uv": [10.25, 2.75, 10, 2.5], "texture": "#0"},
				"down": {"uv": [3.25, 10, 3, 10.25], "texture": "#0"}
			}
		},
		{
			"name": "1x4",
			"from": [8, 21.5, 5.75],
			"to": [9, 22.5, 6],
			"faces": {
				"north": {"uv": [3.5, 10, 3.75, 10.25], "texture": "#0"},
				"east": {"uv": [4, 10, 4.25, 10.25], "texture": "#0"},
				"south": {"uv": [10, 4, 10.25, 4.25], "texture": "#0"},
				"west": {"uv": [4.5, 10, 4.75, 10.25], "texture": "#0"},
				"up": {"uv": [10.25, 4.75, 10, 4.5], "texture": "#0"},
				"down": {"uv": [5.25, 10, 5, 10.25], "texture": "#0"}
			}
		},
		{
			"name": "1x4",
			"from": [8, 23, 8.25],
			"to": [9, 23.25, 8.75],
			"faces": {
				"north": {"uv": [10, 5, 10.25, 5.25], "texture": "#0"},
				"east": {"uv": [5.5, 10, 5.75, 10.25], "texture": "#0"},
				"south": {"uv": [10, 5.5, 10.25, 5.75], "texture": "#0"},
				"west": {"uv": [6, 10, 6.25, 10.25], "texture": "#0"},
				"up": {"uv": [10.25, 6.25, 10, 6], "texture": "#0"},
				"down": {"uv": [6.75, 10, 6.5, 10.25], "texture": "#0"}
			}
		},
		{
			"name": "1x4",
			"from": [8, 23, 6.25],
			"to": [9, 23.25, 6.75],
			"faces": {
				"north": {"uv": [10, 6.5, 10.25, 6.75], "texture": "#0"},
				"east": {"uv": [7, 10, 7.25, 10.25], "texture": "#0"},
				"south": {"uv": [10, 7, 10.25, 7.25], "texture": "#0"},
				"west": {"uv": [10, 7.5, 10.25, 7.75], "texture": "#0"},
				"up": {"uv": [10.25, 9.5, 10, 9.25], "texture": "#0"},
				"down": {"uv": [10.25, 9.75, 10, 10], "texture": "#0"}
			}
		},
		{
			"from": [8, 15, 6.75],
			"to": [9, 16, 8.25],
			"rotation": {"angle": 0, "axis": "y", "origin": [0, 5, 0]},
			"faces": {
				"north": {"uv": [10.25, 0, 10.5, 0.25], "texture": "#0"},
				"east": {"uv": [2, 7.5, 2.5, 7.75], "texture": "#0"},
				"south": {"uv": [10.25, 1, 10.5, 1.25], "texture": "#0"},
				"west": {"uv": [7.5, 2.25, 8, 2.5], "texture": "#0"},
				"up": {"uv": [1.25, 8, 1, 7.5], "texture": "#0"},
				"down": {"uv": [7.75, 2.75, 7.5, 3.25], "texture": "#0"}
			}
		},
		{
			"from": [8, 17.9, 6.75],
			"to": [9, 19, 8.25],
			"rotation": {"angle": 0, "axis": "y", "origin": [0, 5, 0]},
			"faces": {
				"north": {"uv": [10.25, 1.5, 10.5, 1.75], "texture": "#0"},
				"east": {"uv": [7.5, 3.5, 8, 3.75], "texture": "#0"},
				"south": {"uv": [2, 10.25, 2.25, 10.5], "texture": "#0"},
				"west": {"uv": [7.5, 4, 8, 4.25], "texture": "#0"},
				"up": {"uv": [7.75, 5, 7.5, 4.5], "texture": "#0"},
				"down": {"uv": [7.75, 5.25, 7.5, 5.75], "texture": "#0"}
			}
		},
		{
			"from": [8, 16.3, 8.25],
			"to": [9, 17, 9.5],
			"rotation": {"angle": 0, "axis": "y", "origin": [0, 5, 0]},
			"faces": {
				"north": {"uv": [10.25, 2, 10.5, 2.25], "texture": "#0"},
				"east": {"uv": [10.25, 3, 10.5, 3.25], "texture": "#0"},
				"south": {"uv": [10.25, 3.5, 10.5, 3.75], "texture": "#0"},
				"west": {"uv": [7.5, 10.25, 7.75, 10.5], "texture": "#0"},
				"up": {"uv": [8.25, 10.5, 8, 10.25], "texture": "#0"},
				"down": {"uv": [10.5, 8, 10.25, 8.25], "texture": "#0"}
			}
		},
		{
			"from": [8, 16.3, 5.5],
			"to": [9, 17, 6.75],
			"rotation": {"angle": 0, "axis": "y", "origin": [0, 5, 0]},
			"faces": {
				"north": {"uv": [8.5, 10.25, 8.75, 10.5], "texture": "#0"},
				"east": {"uv": [10.25, 8.5, 10.5, 8.75], "texture": "#0"},
				"south": {"uv": [9, 10.25, 9.25, 10.5], "texture": "#0"},
				"west": {"uv": [9.5, 10.25, 9.75, 10.5], "texture": "#0"},
				"up": {"uv": [10.25, 10.5, 10, 10.25], "texture": "#0"},
				"down": {"uv": [0.25, 10.5, 0, 10.75], "texture": "#0"}
			}
		},
		{
			"from": [8, 17, 6.25],
			"to": [9, 19.5, 6.75],
			"rotation": {"angle": 0, "axis": "y", "origin": [0, 5, 0]},
			"faces": {
				"north": {"uv": [3.5, 6, 3.75, 6.75], "texture": "#0"},
				"east": {"uv": [4, 6, 4.25, 6.75], "texture": "#0"},
				"south": {"uv": [6, 4, 6.25, 4.75], "texture": "#0"},
				"west": {"uv": [4.5, 6, 4.75, 6.75], "texture": "#0"},
				"up": {"uv": [0.75, 10.75, 0.5, 10.5], "texture": "#0"},
				"down": {"uv": [10.75, 0.5, 10.5, 0.75], "texture": "#0"}
			}
		},
		{
			"from": [8, 17, 8.25],
			"to": [9, 19.5, 8.75],
			"rotation": {"angle": 0, "axis": "y", "origin": [0, 5, 0]},
			"faces": {
				"north": {"uv": [5, 6, 5.25, 6.75], "texture": "#0"},
				"east": {"uv": [5.5, 6, 5.75, 6.75], "texture": "#0"},
				"south": {"uv": [6, 5.5, 6.25, 6.25], "texture": "#0"},
				"west": {"uv": [6.25, 0, 6.5, 0.75], "texture": "#0"},
				"up": {"uv": [1.25, 10.75, 1, 10.5], "texture": "#0"},
				"down": {"uv": [1.75, 10.5, 1.5, 10.75], "texture": "#0"}
			}
		},
		{
			"from": [8, 17, 8.75],
			"to": [9, 18, 9],
			"rotation": {"angle": 0, "axis": "y", "origin": [0, 5, 0]},
			"faces": {
				"north": {"uv": [2.5, 10.5, 2.75, 10.75], "texture": "#0"},
				"east": {"uv": [10.5, 2.5, 10.75, 2.75], "texture": "#0"},
				"south": {"uv": [3, 10.5, 3.25, 10.75], "texture": "#0"},
				"west": {"uv": [3.5, 10.5, 3.75, 10.75], "texture": "#0"},
				"up": {"uv": [4.25, 10.75, 4, 10.5], "texture": "#0"},
				"down": {"uv": [10.75, 4, 10.5, 4.25], "texture": "#0"}
			}
		},
		{
			"from": [8, 15.5, 8.05],
			"to": [9, 16.3, 8.5],
			"rotation": {"angle": 0, "axis": "y", "origin": [0, 5, 0]},
			"faces": {
				"north": {"uv": [4.5, 10.5, 4.75, 10.75], "texture": "#0"},
				"east": {"uv": [10.5, 4.5, 10.75, 4.75], "texture": "#0"},
				"south": {"uv": [5, 10.5, 5.25, 10.75], "texture": "#0"},
				"west": {"uv": [10.5, 5, 10.75, 5.25], "texture": "#0"},
				"up": {"uv": [5.75, 10.75, 5.5, 10.5], "texture": "#0"},
				"down": {"uv": [10.75, 5.5, 10.5, 5.75], "texture": "#0"}
			}
		},
		{
			"from": [8, 16.25, 9.25],
			"to": [9, 16.55, 10.25],
			"rotation": {"angle": 0, "axis": "y", "origin": [0, 5, 0]},
			"faces": {
				"north": {"uv": [6, 10.5, 6.25, 10.75], "texture": "#0"},
				"east": {"uv": [10.5, 6, 10.75, 6.25], "texture": "#0"},
				"south": {"uv": [6.5, 10.5, 6.75, 10.75], "texture": "#0"},
				"west": {"uv": [10.5, 6.5, 10.75, 6.75], "texture": "#0"},
				"up": {"uv": [7.25, 10.75, 7, 10.5], "texture": "#0"},
				"down": {"uv": [10.75, 7, 10.5, 7.25], "texture": "#0"}
			}
		},
		{
			"from": [8, 16.25, 4.75],
			"to": [9, 16.55, 5.75],
			"rotation": {"angle": 0, "axis": "y", "origin": [0, 5, 0]},
			"faces": {
				"north": {"uv": [10.5, 7.5, 10.75, 7.75], "texture": "#0"},
				"east": {"uv": [10.5, 9, 10.75, 9.25], "texture": "#0"},
				"south": {"uv": [10.5, 9.5, 10.75, 9.75], "texture": "#0"},
				"west": {"uv": [10.5, 10, 10.75, 10.25], "texture": "#0"},
				"up": {"uv": [10.75, 10.75, 10.5, 10.5], "texture": "#0"},
				"down": {"uv": [11, 0, 10.75, 0.25], "texture": "#0"}
			}
		},
		{
			"from": [8, 15.5, 6.5],
			"to": [9, 16.3, 6.95],
			"rotation": {"angle": 0, "axis": "y", "origin": [0, 5, 0]},
			"faces": {
				"north": {"uv": [10.75, 1, 11, 1.25], "texture": "#0"},
				"east": {"uv": [10.75, 1.5, 11, 1.75], "texture": "#0"},
				"south": {"uv": [2, 10.75, 2.25, 11], "texture": "#0"},
				"west": {"uv": [10.75, 2, 11, 2.25], "texture": "#0"},
				"up": {"uv": [11, 3.25, 10.75, 3], "texture": "#0"},
				"down": {"uv": [11, 3.5, 10.75, 3.75], "texture": "#0"}
			}
		},
		{
			"from": [8, 18.75, 8.75],
			"to": [9, 20.75, 9],
			"rotation": {"angle": 0, "axis": "y", "origin": [0, 5, 0]},
			"faces": {
				"north": {"uv": [5.75, 7.5, 6, 8], "texture": "#0"},
				"east": {"uv": [7.5, 6, 7.75, 6.5], "texture": "#0"},
				"south": {"uv": [7.5, 6.75, 7.75, 7.25], "texture": "#0"},
				"west": {"uv": [7, 7.5, 7.25, 8], "texture": "#0"},
				"up": {"uv": [7.75, 11, 7.5, 10.75], "texture": "#0"},
				"down": {"uv": [8.25, 10.75, 8, 11], "texture": "#0"}
			}
		},
		{
			"from": [8, 16.25, 10.2],
			"to": [9, 16.75, 10.4],
			"rotation": {"angle": 0, "axis": "y", "origin": [0, 5, 0]},
			"faces": {
				"north": {"uv": [10.75, 8, 11, 8.25], "texture": "#0"},
				"east": {"uv": [8.5, 10.75, 8.75, 11], "texture": "#0"},
				"south": {"uv": [10.75, 8.5, 11, 8.75], "texture": "#0"},
				"west": {"uv": [9, 10.75, 9.25, 11], "texture": "#0"},
				"up": {"uv": [9.75, 11, 9.5, 10.75], "texture": "#0"},
				"down": {"uv": [10.25, 10.75, 10, 11], "texture": "#0"}
			}
		},
		{
			"from": [8, 16.25, 4.6],
			"to": [9, 16.75, 4.8],
			"rotation": {"angle": 0, "axis": "y", "origin": [0, 5, 0]},
			"faces": {
				"north": {"uv": [0, 11, 0.25, 11.25], "texture": "#0"},
				"east": {"uv": [0.5, 11, 0.75, 11.25], "texture": "#0"},
				"south": {"uv": [11, 0.5, 11.25, 0.75], "texture": "#0"},
				"west": {"uv": [1, 11, 1.25, 11.25], "texture": "#0"},
				"up": {"uv": [1.75, 11.25, 1.5, 11], "texture": "#0"},
				"down": {"uv": [2.75, 11, 2.5, 11.25], "texture": "#0"}
			}
		},
		{
			"from": [8, 18.75, 6],
			"to": [9, 20.75, 6.25],
			"rotation": {"angle": 0, "axis": "y", "origin": [0, 5, 0]},
			"faces": {
				"north": {"uv": [7.5, 7.5, 7.75, 8], "texture": "#0"},
				"east": {"uv": [7.75, 0, 8, 0.5], "texture": "#0"},
				"south": {"uv": [1.5, 7.75, 1.75, 8.25], "texture": "#0"},
				"west": {"uv": [7.75, 1.5, 8, 2], "texture": "#0"},
				"up": {"uv": [11.25, 2.75, 11, 2.5], "texture": "#0"},
				"down": {"uv": [3.25, 11, 3, 11.25], "texture": "#0"}
			}
		},
		{
			"from": [8, 17, 6],
			"to": [9, 18, 6.25],
			"rotation": {"angle": 0, "axis": "y", "origin": [0, 5, 0]},
			"faces": {
				"north": {"uv": [3.5, 11, 3.75, 11.25], "texture": "#0"},
				"east": {"uv": [4, 11, 4.25, 11.25], "texture": "#0"},
				"south": {"uv": [11, 4, 11.25, 4.25], "texture": "#0"},
				"west": {"uv": [4.5, 11, 4.75, 11.25], "texture": "#0"},
				"up": {"uv": [11.25, 4.75, 11, 4.5], "texture": "#0"},
				"down": {"uv": [5.25, 11, 5, 11.25], "texture": "#0"}
			}
		},
		{
			"from": [8.025, 18.05, -2.7],
			"to": [8.975, 19.65, -2],
			"rotation": {"angle": 45, "axis": "x", "origin": [0, 5, 0]},
			"faces": {
				"north": {"uv": [2.75, 7.75, 3, 8.25], "texture": "#0"},
				"east": {"uv": [3.25, 7.75, 3.5, 8.25], "texture": "#0"},
				"south": {"uv": [3.75, 7.75, 4, 8.25], "texture": "#0"},
				"west": {"uv": [4.25, 7.75, 4.5, 8.25], "texture": "#0"},
				"up": {"uv": [11.25, 5.25, 11, 5], "texture": "#0"},
				"down": {"uv": [5.75, 11, 5.5, 11.25], "texture": "#0"}
			}
		},
		{
			"from": [8.025, 18.05, -4.4],
			"to": [8.975, 19.65, -3.7],
			"rotation": {"angle": 45, "axis": "x", "origin": [0, 5, 0]},
			"faces": {
				"north": {"uv": [4.75, 7.75, 5, 8.25], "texture": "#0"},
				"east": {"uv": [5.25, 7.75, 5.5, 8.25], "texture": "#0"},
				"south": {"uv": [6.25, 7.75, 6.5, 8.25], "texture": "#0"},
				"west": {"uv": [8, 0.75, 8.25, 1.25], "texture": "#0"},
				"up": {"uv": [11.25, 5.75, 11, 5.5], "texture": "#0"},
				"down": {"uv": [6.25, 11, 6, 11.25], "texture": "#0"}
			}
		},
		{
			"from": [8.025, 7.35, 12.6],
			"to": [8.975, 8.95, 13.3],
			"rotation": {"angle": -45, "axis": "x", "origin": [0, 5, 0]},
			"faces": {
				"north": {"uv": [2, 8, 2.25, 8.5], "texture": "#0"},
				"east": {"uv": [8, 2.75, 8.25, 3.25], "texture": "#0"},
				"south": {"uv": [8, 4.5, 8.25, 5], "texture": "#0"},
				"west": {"uv": [8, 5.25, 8.25, 5.75], "texture": "#0"},
				"up": {"uv": [11.25, 6.25, 11, 6], "texture": "#0"},
				"down": {"uv": [6.75, 11, 6.5, 11.25], "texture": "#0"}
			}
		},
		{
			"from": [8.025, 7.35, 14.3],
			"to": [8.975, 8.95, 15],
			"rotation": {"angle": -45, "axis": "x", "origin": [0, 5, 0]},
			"faces": {
				"north": {"uv": [8, 6, 8.25, 6.5], "texture": "#0"},
				"east": {"uv": [8, 6.75, 8.25, 7.25], "texture": "#0"},
				"south": {"uv": [8, 7.5, 8.25, 8], "texture": "#0"},
				"west": {"uv": [0, 8.25, 0.25, 8.75], "texture": "#0"},
				"up": {"uv": [11.25, 6.75, 11, 6.5], "texture": "#0"},
				"down": {"uv": [7.25, 11, 7, 11.25], "texture": "#0"}
			}
		},
		{
			"name": "1x4",
			"from": [8, 24, 7.25],
			"to": [9, 26.5, 7.75],
			"rotation": {"angle": 0, "axis": "y", "origin": [0, -1, -2.75]},
			"faces": {
				"north": {"uv": [6.5, 1, 6.75, 1.75], "texture": "#0"},
				"east": {"uv": [6.5, 2, 6.75, 2.75], "texture": "#0"},
				"south": {"uv": [6.5, 3, 6.75, 3.75], "texture": "#0"},
				"west": {"uv": [6.5, 4, 6.75, 4.75], "texture": "#0"},
				"up": {"uv": [11.25, 7.25, 11, 7], "texture": "#0"},
				"down": {"uv": [11.25, 7.5, 11, 7.75], "texture": "#0"}
			}
		},
		{
			"name": "1x4",
			"from": [8, 24, 7.75],
			"to": [9, 25.5, 7.9],
			"rotation": {"angle": 0, "axis": "y", "origin": [0, -1, -2.25]},
			"faces": {
				"north": {"uv": [8.25, 0, 8.5, 0.5], "texture": "#0"},
				"east": {"uv": [0.5, 8.25, 0.75, 8.75], "texture": "#0"},
				"south": {"uv": [1, 8.25, 1.25, 8.75], "texture": "#0"},
				"west": {"uv": [8.25, 1.5, 8.5, 2], "texture": "#0"},
				"up": {"uv": [11.25, 9.25, 11, 9], "texture": "#0"},
				"down": {"uv": [11.25, 9.5, 11, 9.75], "texture": "#0"}
			}
		},
		{
			"name": "1x4",
			"from": [8, 24, 7.1],
			"to": [9, 25.5, 7.25],
			"rotation": {"angle": 0, "axis": "y", "origin": [0, -1, -3]},
			"faces": {
				"north": {"uv": [8.25, 3.5, 8.5, 4], "texture": "#0"},
				"east": {"uv": [5.75, 8.25, 6, 8.75], "texture": "#0"},
				"south": {"uv": [6.75, 8.25, 7, 8.75], "texture": "#0"},
				"west": {"uv": [7.25, 8.25, 7.5, 8.75], "texture": "#0"},
				"up": {"uv": [11.25, 10.25, 11, 10], "texture": "#0"},
				"down": {"uv": [10.75, 11, 10.5, 11.25], "texture": "#0"}
			}
		},
		{
			"name": "1x4",
			"from": [8, 26.5, 7.375],
			"to": [9, 27.5, 7.625],
			"rotation": {"angle": 0, "axis": "y", "origin": [0, 1.5, -2.625]},
			"faces": {
				"north": {"uv": [11, 10.5, 11.25, 10.75], "texture": "#0"},
				"east": {"uv": [11, 11, 11.25, 11.25], "texture": "#0"},
				"south": {"uv": [11.25, 0, 11.5, 0.25], "texture": "#0"},
				"west": {"uv": [11.25, 1, 11.5, 1.25], "texture": "#0"},
				"up": {"uv": [11.5, 1.75, 11.25, 1.5], "texture": "#0"},
				"down": {"uv": [2.25, 11.25, 2, 11.5], "texture": "#0"}
			}
		},
		{
			"name": "1x4",
			"from": [8, 28.9, 7.375],
			"to": [9, 32, 7.625],
			"rotation": {"angle": 0, "axis": "y", "origin": [0, 3.9, -2.625]},
			"faces": {
				"north": {"uv": [6.5, 5, 6.75, 5.75], "texture": "#0"},
				"east": {"uv": [6, 6.5, 6.25, 7.25], "texture": "#0"},
				"south": {"uv": [6.5, 6, 6.75, 6.75], "texture": "#0"},
				"west": {"uv": [6.75, 0, 7, 0.75], "texture": "#0"},
				"up": {"uv": [11.5, 2.25, 11.25, 2], "texture": "#0"},
				"down": {"uv": [11.5, 3, 11.25, 3.25], "texture": "#0"}
			}
		},
		{
			"name": "1x4",
			"from": [8, 29.65, 7.625],
			"to": [9, 30.5, 7.825],
			"rotation": {"angle": 0, "axis": "y", "origin": [0, 3.9, -2.375]},
			"faces": {
				"north": {"uv": [11.25, 3.5, 11.5, 3.75], "texture": "#0"},
				"east": {"uv": [7.5, 11.25, 7.75, 11.5], "texture": "#0"},
				"south": {"uv": [8, 11.25, 8.25, 11.5], "texture": "#0"},
				"west": {"uv": [11.25, 8, 11.5, 8.25], "texture": "#0"},
				"up": {"uv": [8.75, 11.5, 8.5, 11.25], "texture": "#0"},
				"down": {"uv": [11.5, 8.5, 11.25, 8.75], "texture": "#0"}
			}
		},
		{
			"name": "1x4",
			"from": [8, 30.5, 7.625],
			"to": [9, 31.25, 7.725],
			"rotation": {"angle": 0, "axis": "y", "origin": [0, 5, -2.375]},
			"faces": {
				"north": {"uv": [9, 11.25, 9.25, 11.5], "texture": "#0"},
				"east": {"uv": [9.5, 11.25, 9.75, 11.5], "texture": "#0"},
				"south": {"uv": [10, 11.25, 10.25, 11.5], "texture": "#0"},
				"west": {"uv": [0, 11.5, 0.25, 11.75], "texture": "#0"},
				"up": {"uv": [0.75, 11.75, 0.5, 11.5], "texture": "#0"},
				"down": {"uv": [11.75, 0.5, 11.5, 0.75], "texture": "#0"}
			}
		},
		{
			"name": "1x4",
			"from": [8, 29.15, 7.625],
			"to": [9, 29.65, 7.725],
			"rotation": {"angle": 0, "axis": "y", "origin": [0, 3.15, -2.375]},
			"faces": {
				"north": {"uv": [1, 11.5, 1.25, 11.75], "texture": "#0"},
				"east": {"uv": [1.5, 11.5, 1.75, 11.75], "texture": "#0"},
				"south": {"uv": [2.5, 11.5, 2.75, 11.75], "texture": "#0"},
				"west": {"uv": [11.5, 2.5, 11.75, 2.75], "texture": "#0"},
				"up": {"uv": [3.25, 11.75, 3, 11.5], "texture": "#0"},
				"down": {"uv": [3.75, 11.5, 3.5, 11.75], "texture": "#0"}
			}
		},
		{
			"name": "1x4",
			"from": [8, 29.15, 7.275],
			"to": [9, 29.65, 7.375],
			"rotation": {"angle": 0, "axis": "y", "origin": [0, 3.15, -2.725]},
			"faces": {
				"north": {"uv": [4, 11.5, 4.25, 11.75], "texture": "#0"},
				"east": {"uv": [11.5, 4, 11.75, 4.25], "texture": "#0"},
				"south": {"uv": [4.5, 11.5, 4.75, 11.75], "texture": "#0"},
				"west": {"uv": [11.5, 4.5, 11.75, 4.75], "texture": "#0"},
				"up": {"uv": [5.25, 11.75, 5, 11.5], "texture": "#0"},
				"down": {"uv": [11.75, 5, 11.5, 5.25], "texture": "#0"}
			}
		},
		{
			"name": "1x4",
			"from": [8, 30.5, 7.275],
			"to": [9, 31.25, 7.375],
			"rotation": {"angle": 0, "axis": "y", "origin": [0, 5, -2.725]},
			"faces": {
				"north": {"uv": [5.5, 11.5, 5.75, 11.75], "texture": "#0"},
				"east": {"uv": [11.5, 5.5, 11.75, 5.75], "texture": "#0"},
				"south": {"uv": [6, 11.5, 6.25, 11.75], "texture": "#0"},
				"west": {"uv": [11.5, 6, 11.75, 6.25], "texture": "#0"},
				"up": {"uv": [6.75, 11.75, 6.5, 11.5], "texture": "#0"},
				"down": {"uv": [11.75, 6.5, 11.5, 6.75], "texture": "#0"}
			}
		},
		{
			"name": "1x4",
			"from": [8, 29.65, 7.175],
			"to": [9, 30.5, 7.375],
			"rotation": {"angle": 0, "axis": "y", "origin": [0, 3.9, -2.875]},
			"faces": {
				"north": {"uv": [7, 11.5, 7.25, 11.75], "texture": "#0"},
				"east": {"uv": [11.5, 7, 11.75, 7.25], "texture": "#0"},
				"south": {"uv": [11.5, 7.5, 11.75, 7.75], "texture": "#0"},
				"west": {"uv": [11.5, 9, 11.75, 9.25], "texture": "#0"},
				"up": {"uv": [11.75, 9.75, 11.5, 9.5], "texture": "#0"},
				"down": {"uv": [11.75, 10, 11.5, 10.25], "texture": "#0"}
			}
		},
		{
			"name": "ver",
			"from": [8, 28.175, 6.775],
			"to": [9, 29.175, 7.775],
			"rotation": {"angle": 45, "axis": "x", "origin": [7, 28.175, 6.775]},
			"faces": {
				"north": {"uv": [10.5, 11.5, 10.75, 11.75], "texture": "#0"},
				"east": {"uv": [11.5, 10.5, 11.75, 10.75], "texture": "#0"},
				"south": {"uv": [11, 11.5, 11.25, 11.75], "texture": "#0"},
				"west": {"uv": [11.5, 11, 11.75, 11.25], "texture": "#0"},
				"up": {"uv": [11.75, 11.75, 11.5, 11.5], "texture": "#0"},
				"down": {"uv": [12, 0, 11.75, 0.25], "texture": "#0"}
			}
		},
		{
			"name": "ver",
			"from": [8.775, 26.775, 7],
			"to": [9.775, 27.775, 8],
			"rotation": {"angle": 45, "axis": "z", "origin": [7.775, 26.775, 7]},
			"faces": {
				"north": {"uv": [11.75, 1, 12, 1.25], "texture": "#0"},
				"east": {"uv": [11.75, 1.5, 12, 1.75], "texture": "#0"},
				"south": {"uv": [2, 11.75, 2.25, 12], "texture": "#0"},
				"west": {"uv": [11.75, 2, 12, 2.25], "texture": "#0"},
				"up": {"uv": [12, 3.25, 11.75, 3], "texture": "#0"},
				"down": {"uv": [12, 3.5, 11.75, 3.75], "texture": "#0"}
			}
		},
		{
			"name": "hor",
			"from": [7.975, 27.7, 6.975],
			"to": [8.975, 28.7, 7.975],
			"rotation": {"angle": 0, "axis": "y", "origin": [6.975, 27.7, 6.975]},
			"faces": {
				"north": {"uv": [7.5, 11.75, 7.75, 12], "texture": "#0"},
				"east": {"uv": [8, 11.75, 8.25, 12], "texture": "#0"},
				"south": {"uv": [11.75, 8, 12, 8.25], "texture": "#0"},
				"west": {"uv": [8.5, 11.75, 8.75, 12], "texture": "#0"},
				"up": {"uv": [12, 8.75, 11.75, 8.5], "texture": "#0"},
				"down": {"uv": [9.25, 11.75, 9, 12], "texture": "#0"}
			}
		},
		{
			"name": "hor",
			"from": [8.075, 27.7, 8.2],
			"to": [9.075, 28.7, 9.2],
			"rotation": {"angle": 45, "axis": "y", "origin": [7.075, 27.7, 8.2]},
			"faces": {
				"north": {"uv": [9.5, 11.75, 9.75, 12], "texture": "#0"},
				"east": {"uv": [10, 11.75, 10.25, 12], "texture": "#0"},
				"south": {"uv": [0, 12, 0.25, 12.25], "texture": "#0"},
				"west": {"uv": [0.5, 12, 0.75, 12.25], "texture": "#0"},
				"up": {"uv": [12.25, 0.75, 12, 0.5], "texture": "#0"},
				"down": {"uv": [1.25, 12, 1, 12.25], "texture": "#0"}
			}
		},
		{
			"name": "ver",
			"from": [8.25, 17.75, 4.925],
			"to": [8.75, 18.25, 5.425],
			"rotation": {"angle": 45, "axis": "x", "origin": [6.75, 17.75, 4.925]},
			"faces": {
				"north": {"uv": [1.5, 12, 1.75, 12.25], "texture": "#0"},
				"east": {"uv": [2.5, 12, 2.75, 12.25], "texture": "#0"},
				"south": {"uv": [12, 2.5, 12.25, 2.75], "texture": "#0"},
				"west": {"uv": [3, 12, 3.25, 12.25], "texture": "#0"},
				"up": {"uv": [3.75, 12.25, 3.5, 12], "texture": "#0"},
				"down": {"uv": [4.25, 12, 4, 12.25], "texture": "#0"}
			}
		},
		{
			"name": "ver",
			"from": [8.95, 16.325, 5.025],
			"to": [9.45, 16.825, 5.525],
			"rotation": {"angle": 45, "axis": "z", "origin": [7.45, 16.325, 5.025]},
			"faces": {
				"north": {"uv": [12, 4, 12.25, 4.25], "texture": "#0"},
				"east": {"uv": [4.5, 12, 4.75, 12.25], "texture": "#0"},
				"south": {"uv": [12, 4.5, 12.25, 4.75], "texture": "#0"},
				"west": {"uv": [5, 12, 5.25, 12.25], "texture": "#0"},
				"up": {"uv": [12.25, 5.25, 12, 5], "texture": "#0"},
				"down": {"uv": [5.75, 12, 5.5, 12.25], "texture": "#0"}
			}
		},
		{
			"name": "hor",
			"from": [8.6, 17.5, 6.325],
			"to": [9.1, 18, 6.825],
			"rotation": {"angle": 45, "axis": "y", "origin": [7.1, 17.5, 6.325]},
			"faces": {
				"north": {"uv": [12, 5.5, 12.25, 5.75], "texture": "#0"},
				"east": {"uv": [6, 12, 6.25, 12.25], "texture": "#0"},
				"south": {"uv": [12, 6, 12.25, 6.25], "texture": "#0"},
				"west": {"uv": [6.5, 12, 6.75, 12.25], "texture": "#0"},
				"up": {"uv": [12.25, 6.75, 12, 6.5], "texture": "#0"},
				"down": {"uv": [7.25, 12, 7, 12.25], "texture": "#0"}
			}
		},
		{
			"name": "hor",
			"from": [8.25, 17.5, 5.025],
			"to": [8.75, 18, 5.525],
			"rotation": {"angle": 0, "axis": "y", "origin": [6.75, 17.5, 5.025]},
			"faces": {
				"north": {"uv": [12, 7, 12.25, 7.25], "texture": "#0"},
				"east": {"uv": [12, 7.5, 12.25, 7.75], "texture": "#0"},
				"south": {"uv": [12, 9, 12.25, 9.25], "texture": "#0"},
				"west": {"uv": [12, 9.5, 12.25, 9.75], "texture": "#0"},
				"up": {"uv": [12.25, 10.25, 12, 10], "texture": "#0"},
				"down": {"uv": [10.75, 12, 10.5, 12.25], "texture": "#0"}
			}
		},
		{
			"name": "ver",
			"from": [8.25, 17.75, 9.425],
			"to": [8.75, 18.25, 9.925],
			"rotation": {"angle": 45, "axis": "x", "origin": [6.75, 17.75, 9.425]},
			"faces": {
				"north": {"uv": [12, 10.5, 12.25, 10.75], "texture": "#0"},
				"east": {"uv": [11, 12, 11.25, 12.25], "texture": "#0"},
				"south": {"uv": [12, 11, 12.25, 11.25], "texture": "#0"},
				"west": {"uv": [11.5, 12, 11.75, 12.25], "texture": "#0"},
				"up": {"uv": [12.25, 11.75, 12, 11.5], "texture": "#0"},
				"down": {"uv": [12.25, 12, 12, 12.25], "texture": "#0"}
			}
		},
		{
			"name": "ver",
			"from": [8.95, 16.325, 9.525],
			"to": [9.45, 16.825, 10.025],
			"rotation": {"angle": 45, "axis": "z", "origin": [7.45, 16.325, 9.525]},
			"faces": {
				"north": {"uv": [12.25, 0, 12.5, 0.25], "texture": "#0"},
				"east": {"uv": [12.25, 1, 12.5, 1.25], "texture": "#0"},
				"south": {"uv": [12.25, 1.5, 12.5, 1.75], "texture": "#0"},
				"west": {"uv": [2, 12.25, 2.25, 12.5], "texture": "#0"},
				"up": {"uv": [12.5, 2.25, 12.25, 2], "texture": "#0"},
				"down": {"uv": [12.5, 3, 12.25, 3.25], "texture": "#0"}
			}
		},
		{
			"name": "hor",
			"from": [8.6, 17.5, 10.825],
			"to": [9.1, 18, 11.325],
			"rotation": {"angle": 45, "axis": "y", "origin": [7.1, 17.5, 10.825]},
			"faces": {
				"north": {"uv": [12.25, 3.5, 12.5, 3.75], "texture": "#0"},
				"east": {"uv": [7.5, 12.25, 7.75, 12.5], "texture": "#0"},
				"south": {"uv": [8, 12.25, 8.25, 12.5], "texture": "#0"},
				"west": {"uv": [12.25, 8, 12.5, 8.25], "texture": "#0"},
				"up": {"uv": [8.75, 12.5, 8.5, 12.25], "texture": "#0"},
				"down": {"uv": [12.5, 8.5, 12.25, 8.75], "texture": "#0"}
			}
		},
		{
			"name": "hor",
			"from": [8.25, 17.5, 9.525],
			"to": [8.75, 18, 10.025],
			"rotation": {"angle": 0, "axis": "y", "origin": [6.75, 17.5, 9.525]},
			"faces": {
				"north": {"uv": [9, 12.25, 9.25, 12.5], "texture": "#0"},
				"east": {"uv": [9.5, 12.25, 9.75, 12.5], "texture": "#0"},
				"south": {"uv": [10, 12.25, 10.25, 12.5], "texture": "#0"},
				"west": {"uv": [0, 12.5, 0.25, 12.75], "texture": "#0"},
				"up": {"uv": [0.75, 12.75, 0.5, 12.5], "texture": "#0"},
				"down": {"uv": [12.75, 0.5, 12.5, 0.75], "texture": "#0"}
			}
		}
	],
	"gui_light": "front",
	"display": {
		"thirdperson_righthand": {
			"translation": [0, -3.75, 0]
		},
		"thirdperson_lefthand": {
			"rotation": [-7, 140, 79],
			"translation": [-6.5, -5.75, 6.5]
		},
		"firstperson_righthand": {
			"translation": [2, -6.25, 0.25]
		},
		"firstperson_lefthand": {
			"translation": [2, -6.25, 0.25]
		},
		"ground": {
			"rotation": [47.41, -28.17, 24.96],
			"translation": [-1, 11, 0.5]
		},
		"gui": {
			"rotation": [90, 52, -90],
			"translation": [-0.75, -1.75, 0],
			"scale": [0.6, 0.51, 0.59]
		},
		"head": {
			"rotation": [85, -44, 86],
			"translation": [0.5, -22, 2.75],
			"scale": [1.75, 1.75, 1.75]
		},
		"fixed": {
			"rotation": [0, 90, 0],
			"translation": [1.75, -8.5, 0],
			"scale": [4, 4, 4]
		},
		"on_shelf": {
			"rotation": [0, 90, 0],
			"translation": [0.75, -1.5, 8],
			"scale": [4, 4, 4]
		}
	},
	"groups": [
		{
			"name": "stick",
			"origin": [8, 8, 8],
			"color": 3,
			"children": [0, 1, 2, 3, 4, 5, 6]
		},
		{
			"name": "head 1",
			"origin": [0, 0, 0],
			"color": 0,
			"children": [
				7,
				8,
				9,
				10,
				11,
				12,
				13,
				14,
				15,
				16,
				17,
				18,
				19,
				20,
				21,
				{
					"name": "head 2",
					"origin": [0, 0, 0],
					"color": 0,
					"children": [22, 23, 24, 25, 26, 27, 28, 29, 30, 31, 32]
				}
			]
		},
		{
			"name": "head 2",
			"origin": [0, 0, 0],
			"color": 9,
			"children": [
				33,
				34,
				35,
				36,
				37,
				38,
				39,
				40,
				41,
				42,
				43,
				44,
				45,
				46,
				47,
				48,
				{
					"name": "dioagonal",
					"origin": [8, 8, 8],
					"color": 2,
					"children": [49, 50, 51, 52]
				}
			]
		},
		{
			"name": "head 3",
			"origin": [8, 8, 8],
			"color": 5,
			"children": [53, 54, 55, 56, 57, 58, 59, 60, 61, 62, 63]
		},
		{
			"name": "THE ORB",
			"origin": [8, 8, 8],
			"color": 4,
			"children": [64, 65, 66, 67]
		},
		{
			"name": "THE MINI ORB 1+2",
			"origin": [8, 8, 8],
			"color": 4,
			"children": [
				{
					"name": "1",
					"origin": [8, 8, 8],
					"color": 4,
					"children": [68, 69, 70, 71]
				},
				{
					"name": "2",
					"origin": [8, 8, 8],
					"color": 4,
					"children": [72, 73, 74, 75]
				}
			]
		}
	]
}