{
	"format_version": "1.21.6",
	"credit": "Made with Blockbench",
	"elements": [
		{
			"name": "cape",
			"from": [3.4, 4.26284, 14.47024],
			"to": [13.4, 20.26284, 15.47024],
			"rotation": {"angle": -12.5, "axis": "x", "origin": [0, 0, 0]},
			"color": 2,
			"faces": {
				"north": {"uv": [1, 1, 11, 17], "texture": "#missing"},
				"east": {"uv": [0, 1, 1, 17], "texture": "#missing"},
				"south": {"uv": [12, 1, 22, 17], "texture": "#missing"},
				"west": {"uv": [11, 1, 12, 17], "texture": "#missing"},
				"up": {"uv": [11, 1, 1, 0], "texture": "#missing"},
				"down": {"uv": [21, 0, 11, 1], "texture": "#missing"}
			}
		},
		{
			"name": "body",
			"from": [4, 12, 6],
			"to": [12, 24, 10],
			"rotation": {"angle": 0, "axis": "y", "origin": [8, 0, 8]},
			"color": 2,
			"faces": {
				"north": {"uv": [20, 20, 28, 32], "texture": "#missing"},
				"east": {"uv": [16, 20, 20, 32], "texture": "#missing"},
				"south": {"uv": [32, 20, 40, 32], "texture": "#missing"},
				"west": {"uv": [28, 20, 32, 32], "texture": "#missing"},
				"up": {"uv": [28, 20, 20, 16], "texture": "#missing"},
				"down": {"uv": [36, 16, 28, 20], "texture": "#missing"}
			}
		},
		{
			"name": "head",
			"from": [4, 24, 4],
			"to": [12, 32, 12],
			"rotation": {"angle": 0, "axis": "y", "origin": [8, 0, 8]},
			"color": 3,
			"faces": {
				"north": {"uv": [8, 8, 16, 16], "texture": "#missing"},
				"east": {"uv": [0, 8, 8, 16], "texture": "#missing"},
				"south": {"uv": [24, 8, 32, 16], "texture": "#missing"},
				"west": {"uv": [16, 8, 24, 16], "texture": "#missing"},
				"up": {"uv": [16, 8, 8, 0], "texture": "#missing"},
				"down": {"uv": [24, 0, 16, 8], "texture": "#missing"}
			}
		},
		{
			"name": "hat",
			"from": [3.5, 23, 3.5],
			"to": [12.5, 32, 12.5],
			"rotation": {"angle": 0, "axis": "y", "origin": [8, 0, 8]},
			"color": 4,
			"faces": {
				"north": {"uv": [40, 8, 48, 16], "texture": "#missing"},
				"east": {"uv": [32, 8, 40, 16], "texture": "#missing"},
				"south": {"uv": [56, 8, 64, 16], "texture": "#missing"},
				"west": {"uv": [48, 8, 56, 16], "texture": "#missing"},
				"up": {"uv": [48, 8, 40, 0], "texture": "#missing"},
				"down": {"uv": [56, 0, 48, 8], "texture": "#missing"}
			}
		},
		{
			"name": "leftArm",
			"from": [1, 11.5, 6],
			"to": [4, 23.5, 10],
			"rotation": {"angle": 0, "axis": "y", "origin": [8, 0, 8]},
			"color": 9,
			"faces": {
				"north": {"uv": [36, 52, 39, 64], "texture": "#missing"},
				"east": {"uv": [32, 52, 36, 64], "texture": "#missing"},
				"south": {"uv": [43, 52, 46, 64], "texture": "#missing"},
				"west": {"uv": [39, 52, 43, 64], "texture": "#missing"},
				"up": {"uv": [39, 52, 36, 48], "texture": "#missing"},
				"down": {"uv": [42, 48, 39, 52], "texture": "#missing"}
			}
		},
		{
			"name": "leftSleeve",
			"from": [0.75, 11.25, 5.75],
			"to": [4.25, 23.75, 10.25],
			"rotation": {"angle": 0, "axis": "y", "origin": [8, 0, 8]},
			"color": 0,
			"faces": {
				"north": {"uv": [52, 52, 55, 64], "texture": "#missing"},
				"east": {"uv": [48, 52, 52, 64], "texture": "#missing"},
				"south": {"uv": [59, 52, 62, 64], "texture": "#missing"},
				"west": {"uv": [55, 52, 59, 64], "texture": "#missing"},
				"up": {"uv": [55, 52, 52, 48], "texture": "#missing"},
				"down": {"uv": [58, 48, 55, 52], "texture": "#missing"}
			}
		},
		{
			"name": "rightArm",
			"from": [12, 11.5, 6],
			"to": [15, 23.5, 10],
			"rotation": {"angle": 0, "axis": "y", "origin": [8, 0, 8]},
			"color": 2,
			"faces": {
				"north": {"uv": [44, 20, 47, 32], "texture": "#missing"},
				"east": {"uv": [40, 20, 44, 32], "texture": "#missing"},
				"south": {"uv": [51, 20, 54, 32], "texture": "#missing"},
				"west": {"uv": [47, 20, 51, 32], "texture": "#missing"},
				"up": {"uv": [47, 20, 44, 16], "texture": "#missing"},
				"down": {"uv": [50, 16, 47, 20], "texture": "#missing"}
			}
		},
		{
			"name": "rightSleeve",
			"from": [11.75, 11.25, 5.75],
			"to": [15.25, 23.75, 10.25],
			"rotation": {"angle": 0, "axis": "y", "origin": [8, 0, 8]},
			"color": 3,
			"faces": {
				"north": {"uv": [44, 36, 47, 48], "texture": "#missing"},
				"east": {"uv": [40, 36, 44, 48], "texture": "#missing"},
				"south": {"uv": [51, 36, 54, 48], "texture": "#missing"},
				"west": {"uv": [47, 36, 51, 48], "texture": "#missing"},
				"up": {"uv": [47, 36, 44, 32], "texture": "#missing"},
				"down": {"uv": [50, 32, 47, 36], "texture": "#missing"}
			}
		},
		{
			"name": "jacket",
			"from": [3.75, 11.75, 5.75],
			"to": [12.25, 24.25, 10.25],
			"rotation": {"angle": 0, "axis": "y", "origin": [8, 0, 8]},
			"color": 5,
			"faces": {
				"north": {"uv": [20, 36, 28, 48], "texture": "#missing"},
				"east": {"uv": [16, 36, 20, 48], "texture": "#missing"},
				"south": {"uv": [32, 36, 40, 48], "texture": "#missing"},
				"west": {"uv": [28, 36, 32, 48], "texture": "#missing"},
				"up": {"uv": [28, 36, 20, 32], "texture": "#missing"},
				"down": {"uv": [36, 32, 28, 36], "texture": "#missing"}
			}
		},
		{
			"name": "rightLeg",
			"from": [7.9, 0, 6],
			"to": [11.9, 12, 10],
			"rotation": {"angle": 0, "axis": "y", "origin": [8, 0, 8]},
			"color": 5,
			"faces": {
				"north": {"uv": [4, 20, 8, 32], "texture": "#missing"},
				"east": {"uv": [0, 20, 4, 32], "texture": "#missing"},
				"south": {"uv": [12, 20, 16, 32], "texture": "#missing"},
				"west": {"uv": [8, 20, 12, 32], "texture": "#missing"},
				"up": {"uv": [8, 20, 4, 16], "texture": "#missing"},
				"down": {"uv": [12, 16, 8, 20], "texture": "#missing"}
			}
		},
		{
			"name": "rightPants",
			"from": [7.65, -0.25, 5.75],
			"to": [12.15, 12.25, 10.25],
			"rotation": {"angle": 0, "axis": "y", "origin": [8, 0, 8]},
			"color": 6,
			"faces": {
				"north": {"uv": [4, 36, 8, 48], "texture": "#missing"},
				"east": {"uv": [0, 36, 4, 48], "texture": "#missing"},
				"south": {"uv": [12, 36, 16, 48], "texture": "#missing"},
				"west": {"uv": [8, 36, 12, 48], "texture": "#missing"},
				"up": {"uv": [8, 36, 4, 32], "texture": "#missing"},
				"down": {"uv": [12, 32, 8, 36], "texture": "#missing"}
			}
		},
		{
			"name": "leftLeg",
			"from": [4.1, 0, 6],
			"to": [8.1, 12, 10],
			"rotation": {"angle": 0, "axis": "y", "origin": [8, 0, 8]},
			"color": 7,
			"faces": {
				"north": {"uv": [8, 20, 4, 32], "texture": "#missing"},
				"east": {"uv": [12, 20, 8, 32], "texture": "#missing"},
				"south": {"uv": [16, 20, 12, 32], "texture": "#missing"},
				"west": {"uv": [4, 20, 0, 32], "texture": "#missing"},
				"up": {"uv": [4, 20, 8, 16], "texture": "#missing"},
				"down": {"uv": [8, 16, 12, 20], "texture": "#missing"}
			}
		},
		{
			"name": "leftPants",
			"from": [3.85, -0.25, 5.75],
			"to": [8.35, 12.25, 10.25],
			"rotation": {"angle": 0, "axis": "y", "origin": [8, 0, 8]},
			"color": 8,
			"faces": {
				"north": {"uv": [4, 52, 8, 64], "texture": "#missing"},
				"east": {"uv": [0, 52, 4, 64], "texture": "#missing"},
				"south": {"uv": [12, 52, 16, 64], "texture": "#missing"},
				"west": {"uv": [8, 52, 12, 64], "texture": "#missing"},
				"up": {"uv": [8, 52, 4, 48], "texture": "#missing"},
				"down": {"uv": [12, 48, 8, 52], "texture": "#missing"}
			}
		}
	],
	"groups": [
		{
			"name": "root",
			"origin": [0, 0, 0],
			"color": 0,
			"children": [
				{
					"name": "waist",
					"origin": [0, 12, 0],
					"color": 1,
					"children": [
						{
							"name": "body",
							"origin": [0, 24, 0],
							"color": 2,
							"children": [
								{
									"name": "cape",
									"origin": [0, 24, 3],
									"rotation": [0, -180, 0],
									"color": 2,
									"children": [0]
								},
								1,
								{
									"name": "head",
									"origin": [0, 24, 0],
									"color": 3,
									"children": [
										2,
										{
											"name": "hat",
											"origin": [0, 24, 0],
											"color": 4,
											"children": [3]
										}
									]
								},
								{
									"name": "leftArm",
									"origin": [-5, 21.5, 0],
									"color": 9,
									"children": [
										4,
										{
											"name": "leftSleeve",
											"origin": [-5, 21.5, 0],
											"color": 0,
											"children": [5]
										},
										{
											"name": "leftItem",
											"origin": [-6, 14.5, 1],
											"color": 1,
											"children": []
										}
									]
								},
								{
									"name": "rightArm",
									"origin": [5, 21.5, 0],
									"color": 2,
									"children": [
										6,
										{
											"name": "rightSleeve",
											"origin": [5, 21.5, 0],
											"color": 3,
											"children": [7]
										},
										{
											"name": "rightItem",
											"origin": [6, 14.5, 1],
											"color": 4,
											"children": []
										}
									]
								},
								{
									"name": "jacket",
									"origin": [0, 24, 0],
									"color": 5,
									"children": [8]
								},
								{
									"name": "cape",
									"origin": [0, 24, -3],
									"color": 6,
									"children": []
								}
							]
						}
					]
				},
				{
					"name": "rightLeg",
					"origin": [1.9, 12, 0],
					"color": 5,
					"children": [
						9,
						{
							"name": "rightPants",
							"origin": [1.9, 12, 0],
							"color": 6,
							"children": [10]
						}
					]
				},
				{
					"name": "leftLeg",
					"origin": [-1.9, 12, 0],
					"color": 7,
					"children": [
						11,
						{
							"name": "leftPants",
							"origin": [-1.9, 12, 0],
							"color": 8,
							"children": [12]
						}
					]
				}
			]
		}
	]
}