{
	"credit": "Made with Blockbench",
	"render_type": "cutout",
	"texture_size": [32, 32],
	"textures": {
		"1": "item/plushies/plushie_seal",
		"particle": "item/plushies/plushie_seal"
	},
	"elements": [
		{
			"from": [4.76, -0.005, 1.95],
			"to": [11.24, 5.665, 11.67],
			"rotation": {"angle": 0, "axis": "y", "origin": [1.52, 1.52, 1.52]},
			"faces": {
				"north": {"uv": [8.016, 0.016, 10.984, 2.984], "texture": "#1"},
				"east": {"uv": [0.016, 0.016, 4.984, 2.984], "texture": "#1"},
				"south": {"uv": [8.016, 3.016, 10.984, 5.984], "texture": "#1"},
				"west": {"uv": [0.016, 3.016, 4.984, 5.984], "texture": "#1"},
				"up": {"uv": [7.984, 4.984, 5.016, 0.016], "texture": "#1"},
				"down": {"uv": [7.984, 5.016, 5.016, 9.984], "texture": "#1"}
			}
		},
		{
			"from": [5.57, 3.0325, -0.48],
			"to": [10.43, 7.8925, 4.38],
			"rotation": {"angle": 0, "axis": "y", "origin": [1.52, 1.52, 1.52]},
			"faces": {
				"north": {"uv": [8.016, 6.016, 10.484, 8.484], "texture": "#1"},
				"east": {"uv": [8.016, 8.516, 10.484, 10.984], "texture": "#1"},
				"south": {"uv": [0.016, 10.016, 2.484, 12.484], "texture": "#1"},
				"west": {"uv": [2.516, 10.016, 4.984, 12.484], "texture": "#1"},
				"up": {"uv": [7.484, 12.484, 5.016, 10.016], "texture": "#1"},
				"down": {"uv": [12.984, 6.016, 10.516, 8.484], "texture": "#1"}
			}
		},
		{
			"from": [6.57, 3.5325, -1.48],
			"to": [9.43, 5.3925, -0.48],
			"rotation": {"angle": 0, "axis": "y", "origin": [1.52, 1.52, 1.52]},
			"faces": {
				"north": {"uv": [13.016, 3.016, 14.484, 3.984], "texture": "#1"},
				"east": {"uv": [7.516, 10.016, 7.984, 10.984], "texture": "#1"},
				"south": {"uv": [13.016, 4.016, 14.484, 4.984], "texture": "#1"},
				"west": {"uv": [7.016, 12.516, 7.484, 13.484], "texture": "#1"},
				"up": {"uv": [13.984, 10.984, 12.516, 10.516], "texture": "#1"},
				"down": {"uv": [14.484, 6.016, 13.016, 6.484], "texture": "#1"}
			}
		},
		{
			"from": [0.71, -0.005, 2.76],
			"to": [4.76, 2.425, 7.62],
			"rotation": {"angle": 0, "axis": "y", "origin": [1.52, 1.52, 1.52]},
			"faces": {
				"north": {"uv": [5.016, 12.516, 6.984, 13.484], "texture": "#1"},
				"east": {"uv": [9.516, 12.016, 11.984, 12.984], "texture": "#1"},
				"south": {"uv": [12.516, 8.516, 14.484, 9.484], "texture": "#1"},
				"west": {"uv": [12.016, 12.016, 14.484, 12.984], "texture": "#1"},
				"up": {"uv": [12.484, 10.984, 10.516, 8.516], "texture": "#1"},
				"down": {"uv": [12.984, 0.016, 11.016, 2.484], "texture": "#1"}
			}
		},
		{
			"from": [11.24, -0.005, 2.76],
			"to": [15.29, 2.425, 7.62],
			"rotation": {"angle": 0, "axis": "y", "origin": [14.48, 1.52, 1.52]},
			"faces": {
				"north": {"uv": [12.516, 9.516, 14.484, 10.484], "texture": "#1"},
				"east": {"uv": [0.016, 12.516, 2.484, 13.484], "texture": "#1"},
				"south": {"uv": [13.016, 0.016, 14.984, 0.984], "texture": "#1"},
				"west": {"uv": [2.516, 12.516, 4.984, 13.484], "texture": "#1"},
				"up": {"uv": [12.984, 4.984, 11.016, 2.516], "texture": "#1"},
				"down": {"uv": [9.484, 11.016, 7.516, 13.484], "texture": "#1"}
			}
		},
		{
			"from": [3.14, -0.005, 10.86],
			"to": [12.86, 2.425, 14.91],
			"rotation": {"angle": 0, "axis": "y", "origin": [1.52, 1.52, 1.52]},
			"faces": {
				"north": {"uv": [11.016, 5.016, 15.984, 5.984], "texture": "#1"},
				"east": {"uv": [13.016, 1.016, 14.984, 1.984], "texture": "#1"},
				"south": {"uv": [9.516, 11.016, 14.484, 11.984], "texture": "#1"},
				"west": {"uv": [13.016, 2.016, 14.984, 2.984], "texture": "#1"},
				"up": {"uv": [4.984, 7.984, 0.016, 6.016], "texture": "#1"},
				"down": {"uv": [4.984, 8.016, 0.016, 9.984], "texture": "#1"}
			}
		}
	],
	"display": {
		"thirdperson_righthand": {
			"rotation": [2, 138, 0],
			"translation": [0, 5.75, 1.25],
			"scale": [0.86, 0.86, 0.86]
		},
		"thirdperson_lefthand": {
			"rotation": [2, 132, 0],
			"translation": [0, 5.75, 1.25],
			"scale": [0.86, 0.86, 0.86]
		},
		"firstperson_righthand": {
			"rotation": [0, 109, 5],
			"translation": [1.75, 7, 0],
			"scale": [0.92, 0.92, 0.92]
		},
		"firstperson_lefthand": {
			"rotation": [0, 109, 5],
			"translation": [1.75, 7, 0],
			"scale": [0.92, 0.92, 0.92]
		},
		"ground": {
			"translation": [0, 3.5, 0],
			"scale": [0.65, 0.65, 0.65]
		},
		"gui": {
			"rotation": [25, 151, 0],
			"translation": [0.25, 4, 0],
			"scale": [0.93, 0.93, 0.93]
		},
		"head": {
			"translation": [0, 14.4, 0]
		},
		"fixed": {
			"rotation": [-90, 0, 0],
			"translation": [0, 0, -13.75],
			"scale": [1.7, 1.7, 1.7]
		}
	},
	"groups": [
		{
			"name": "seal",
			"origin": [8, 8, 8],
			"color": 0,
			"children": [0, 1, 2, 3, 4, 5]
		}
	]
}