{
	"credit": "Made by Nog's Menagerie",
	"render_type": "minecraft:cutout",
	"texture_size": [32, 32],
	"textures": {
		"0": "item/plushies/plushie_vex_texture",
		"particle": "item/plushies/plushie_vex_texture"
	},
	"elements": [
		{
			"name": "torso",
			"from": [6.5, 0, 5.75],
			"to": [9.5, 4, 8.75],
			"rotation": {"angle": 0, "axis": "y", "origin": [8, 2.0045, 7.35355]},
			"faces": {
				"north": {"uv": [0, 7.5, 1.5, 9.5], "texture": "#0"},
				"east": {"uv": [7.5, 0, 9, 2], "texture": "#0"},
				"south": {"uv": [1.5, 7.5, 3, 9.5], "texture": "#0"},
				"west": {"uv": [7.5, 2, 9, 4], "texture": "#0"},
				"up": {"uv": [4.5, 9, 3, 7.5], "texture": "#0"},
				"down": {"uv": [10.5, 0, 9, 1.5], "texture": "#0"}
			}
		},
		{
			"name": "head",
			"from": [5.5, 3.5, 2.9],
			"to": [10.5, 8.5, 7.9],
			"rotation": {"angle": -22.5, "axis": "x", "origin": [8, 8, 6.75]},
			"faces": {
				"north": {"uv": [0, 0, 2.5, 2.5], "texture": "#0"},
				"east": {"uv": [0, 2.5, 2.5, 5], "texture": "#0"},
				"south": {"uv": [2.5, 0, 5, 2.5], "texture": "#0"},
				"west": {"uv": [2.5, 2.5, 5, 5], "texture": "#0"},
				"up": {"uv": [2.5, 7.5, 0, 5], "texture": "#0"},
				"down": {"uv": [7.5, 0, 5, 2.5], "texture": "#0"}
			}
		},
		{
			"name": "fabric",
			"from": [5.5, 0.01, 4.75],
			"to": [10.5, 0.01, 9.75],
			"rotation": {"angle": 0, "axis": "y", "origin": [7, 0, 4.75]},
			"faces": {
				"north": {"uv": [0, 0, 2.5, 0], "texture": "#0"},
				"east": {"uv": [0, 0, 2.5, 0], "texture": "#0"},
				"south": {"uv": [0, 0, 2.5, 0], "texture": "#0"},
				"west": {"uv": [0, 0, 2.5, 0], "texture": "#0"},
				"up": {"uv": [5, 7.5, 2.5, 5], "texture": "#0"},
				"down": {"uv": [7.5, 2.5, 5, 5], "texture": "#0"}
			}
		},
		{
			"name": "left_arm",
			"from": [5.32057, 0.51026, 6.25],
			"to": [6.57057, 4.51026, 8.25],
			"rotation": {"angle": -22.5, "axis": "z", "origin": [5.57057, 2.26026, 7.25]},
			"faces": {
				"north": {"uv": [5, 9, 5.5, 11], "texture": "#0"},
				"east": {"uv": [9, 1.5, 10, 3.5], "texture": "#0"},
				"south": {"uv": [5.5, 9, 6, 11], "texture": "#0"},
				"west": {"uv": [3, 9, 4, 11], "texture": "#0"},
				"up": {"uv": [8, 5, 7.5, 4], "texture": "#0"},
				"down": {"uv": [5, 7.5, 4.5, 8.5], "texture": "#0"}
			}
		},
		{
			"name": "right_arm",
			"from": [9.42943, 0.51026, 6.25],
			"to": [10.67943, 4.51026, 8.25],
			"rotation": {"angle": 22.5, "axis": "z", "origin": [10.42943, 2.26026, 7.25]},
			"faces": {
				"north": {"uv": [9, 5.5, 9.5, 7.5], "texture": "#0"},
				"east": {"uv": [9, 3.5, 10, 5.5], "texture": "#0"},
				"south": {"uv": [6, 9, 6.5, 11], "texture": "#0"},
				"west": {"uv": [4, 9, 5, 11], "texture": "#0"},
				"up": {"uv": [8.5, 5, 8, 4], "texture": "#0"},
				"down": {"uv": [9, 4, 8.5, 5], "texture": "#0"}
			}
		},
		{
			"name": "wings",
			"from": [3.72686, 0, 9.88944],
			"to": [7.72686, 4, 9.88944],
			"rotation": {"angle": 22.5, "axis": "y", "origin": [4.65186, 2, 9.51444]},
			"faces": {
				"north": {"uv": [5, 5, 7, 7], "texture": "#0"},
				"east": {"uv": [0, 0, 0, 2], "texture": "#0"},
				"south": {"uv": [5, 7, 7, 9], "texture": "#0"},
				"west": {"uv": [0, 0, 0, 2], "texture": "#0"},
				"up": {"uv": [2, 0, 0, 0], "texture": "#0"},
				"down": {"uv": [2, 0, 0, 0], "texture": "#0"}
			}
		},
		{
			"name": "wings",
			"from": [8.27314, 0, 9.88944],
			"to": [12.27314, 4, 9.88944],
			"rotation": {"angle": -22.5, "axis": "y", "origin": [11.34814, 2, 9.51444]},
			"faces": {
				"north": {"uv": [7, 5, 5, 7], "texture": "#0"},
				"east": {"uv": [0, 0, 0, 2], "texture": "#0"},
				"south": {"uv": [7, 7, 5, 9], "texture": "#0"},
				"west": {"uv": [0, 0, 0, 2], "texture": "#0"},
				"up": {"uv": [0, 0, 2, 0], "texture": "#0"},
				"down": {"uv": [0, 0, 2, 0], "texture": "#0"}
			}
		}
	],
	"display": {
		"thirdperson_righthand": {
			"rotation": [2, 138, 0],
			"translation": [0, 5.75, 1.25],
			"scale": [0.86, 0.86, 0.86]
		},
		"thirdperson_lefthand": {
			"rotation": [2, 132, 0],
			"translation": [0, 5.75, 1.25],
			"scale": [0.86, 0.86, 0.86]
		},
		"firstperson_righthand": {
			"rotation": [0, 109, 5],
			"translation": [1.75, 7, 0],
			"scale": [0.92, 0.92, 0.92]
		},
		"firstperson_lefthand": {
			"rotation": [0, 109, 5],
			"translation": [1.75, 7, 0],
			"scale": [0.92, 0.92, 0.92]
		},
		"ground": {
			"translation": [0, 3.5, 0],
			"scale": [0.65, 0.65, 0.65]
		},
		"gui": {
			"rotation": [25, 151, 0],
			"translation": [0.25, 4, 0],
			"scale": [0.93, 0.93, 0.93]
		},
		"head": {
			"translation": [0, 14.4, 0]
		},
		"fixed": {
			"rotation": [-90, 0, 0],
			"translation": [0, 0, -13.75],
			"scale": [1.7, 1.7, 1.7]
		}
	},
	"groups": [
		{
			"name": "nm_plushie_vex",
			"origin": [8, 8, 8],
			"color": 0,
			"children": [0, 1, 2, 3, 4, 5, 6]
		}
	]
}