{
	"credit": "Made by Nog's Menagerie",
	"texture_size": [32, 32],
	"render_type": "minecraft:cutout",
	"textures": {
		"0": "item/plushies/plushie_drowned_texture",
		"particle": "item/plushies/plushie_drowned_texture"
	},
	"elements": [
		{
			"name": "torso",
			"from": [5.5, 0, 7.25],
			"to": [10.5, 8, 11.25],
			"rotation": {"angle": 0, "axis": "y", "origin": [8, 2.0045, 8.85355]},
			"faces": {
				"north": {"uv": [6.5, 7, 9, 11], "texture": "#0"},
				"east": {"uv": [3, 10, 5, 14], "texture": "#0"},
				"south": {"uv": [9, 6.5, 11.5, 10.5], "texture": "#0"},
				"west": {"uv": [0, 10.5, 2, 14.5], "texture": "#0"},
				"up": {"uv": [12.5, 2, 10, 0], "texture": "#0"},
				"down": {"uv": [13, 2, 10.5, 4], "texture": "#0"}
			}
		},
		{
			"name": "head",
			"from": [4.5, 5.35, 5.85],
			"to": [11.5, 12.35, 11.85],
			"rotation": {"angle": -22.5, "axis": "x", "origin": [8, 7.5, 8.25]},
			"faces": {
				"north": {"uv": [0, 0, 3.5, 3.5], "texture": "#0"},
				"east": {"uv": [0, 7, 3, 10.5], "texture": "#0"},
				"south": {"uv": [0, 3.5, 3.5, 7], "texture": "#0"},
				"west": {"uv": [7, 0, 10, 3.5], "texture": "#0"},
				"up": {"uv": [6.5, 10, 3, 7], "texture": "#0"},
				"down": {"uv": [10.5, 3.5, 7, 6.5], "texture": "#0"}
			}
		},
		{
			"name": "head",
			"from": [4.5, 5.35, 4.85],
			"to": [4.5, 12.35, 5.85],
			"rotation": {"angle": -22.5, "axis": "x", "origin": [8, 7.5, 8.25]},
			"faces": {
				"north": {"uv": [0, 0, 0, 3.5], "texture": "#0"},
				"east": {"uv": [2, 12.5, 2.5, 16], "texture": "#0"},
				"south": {"uv": [0, 0, 0, 3.5], "texture": "#0"},
				"west": {"uv": [2.5, 12.5, 3, 16], "texture": "#0"},
				"up": {"uv": [0, 0.5, 0, 0], "texture": "#0"},
				"down": {"uv": [0, 0, 0, 0.5], "texture": "#0"}
			}
		},
		{
			"name": "head",
			"from": [11.5, 5.35, 4.85],
			"to": [11.5, 12.35, 5.85],
			"rotation": {"angle": -22.5, "axis": "x", "origin": [8, 7.5, 8.25]},
			"faces": {
				"north": {"uv": [0, 0, 0, 3.5], "texture": "#0"},
				"east": {"uv": [12.5, 4, 13, 7.5], "texture": "#0"},
				"south": {"uv": [0, 0, 0, 3.5], "texture": "#0"},
				"west": {"uv": [9, 12.5, 9.5, 16], "texture": "#0"},
				"up": {"uv": [0, 0.5, 0, 0], "texture": "#0"},
				"down": {"uv": [0, 0, 0, 0.5], "texture": "#0"}
			}
		},
		{
			"name": "head",
			"from": [4.5, 12.35, 4.85],
			"to": [11.5, 12.35, 5.85],
			"rotation": {"angle": -22.5, "axis": "x", "origin": [8, 7.5, 8.25]},
			"faces": {
				"north": {"uv": [0, 0, 3.5, 0], "texture": "#0"},
				"east": {"uv": [0, 0, 0.5, 0], "texture": "#0"},
				"south": {"uv": [0, 0, 3.5, 0], "texture": "#0"},
				"west": {"uv": [0, 0, 0.5, 0], "texture": "#0"},
				"up": {"uv": [16, 0.5, 12.5, 0], "texture": "#0"},
				"down": {"uv": [16, 0.5, 12.5, 1], "texture": "#0"}
			}
		},
		{
			"name": "head",
			"from": [4.5, 5.35, 4.85],
			"to": [11.5, 5.35, 5.85],
			"rotation": {"angle": -22.5, "axis": "x", "origin": [8, 7.5, 8.25]},
			"faces": {
				"north": {"uv": [0, 0, 3.5, 0], "texture": "#0"},
				"east": {"uv": [0, 0, 0.5, 0], "texture": "#0"},
				"south": {"uv": [0, 0, 3.5, 0], "texture": "#0"},
				"west": {"uv": [0, 0, 0.5, 0], "texture": "#0"},
				"up": {"uv": [16, 1.5, 12.5, 1], "texture": "#0"},
				"down": {"uv": [16, 1.5, 12.5, 2], "texture": "#0"}
			}
		},
		{
			"name": "head",
			"from": [4.5, 5.35, 4.85],
			"to": [11.5, 12.35, 4.85],
			"rotation": {"angle": -22.5, "axis": "x", "origin": [8, 7.5, 8.25]},
			"faces": {
				"north": {"uv": [3.5, 0, 7, 3.5], "texture": "#0"},
				"east": {"uv": [0, 0, 0, 3.5], "texture": "#0"},
				"south": {"uv": [3.5, 3.5, 7, 7], "texture": "#0"},
				"west": {"uv": [0, 0, 0, 3.5], "texture": "#0"},
				"up": {"uv": [3.5, 0, 0, 0], "texture": "#0"},
				"down": {"uv": [3.5, 0, 0, 0], "texture": "#0"}
			}
		},
		{
			"name": "leg_leg",
			"from": [5, 0.01, 4.25],
			"to": [7, 2.01, 8.25],
			"rotation": {"angle": 22.5, "axis": "y", "origin": [8, 0.01, 6.25]},
			"faces": {
				"north": {"uv": [12.5, 7.5, 13.5, 8.5], "texture": "#0"},
				"east": {"uv": [10.5, 4, 12.5, 5], "texture": "#0"},
				"south": {"uv": [12.5, 8.5, 13.5, 9.5], "texture": "#0"},
				"west": {"uv": [10.5, 5, 12.5, 6], "texture": "#0"},
				"up": {"uv": [6, 12, 5, 10], "texture": "#0"},
				"down": {"uv": [3, 10.5, 2, 12.5], "texture": "#0"}
			}
		},
		{
			"name": "right_arm",
			"from": [9.83187, 1.74074, 8.25],
			"to": [11.83187, 5.74074, 10.25],
			"rotation": {"angle": 45, "axis": "z", "origin": [10.83187, 3.74074, 9.25]},
			"faces": {
				"north": {"uv": [9, 10.5, 10, 12.5], "texture": "#0"},
				"east": {"uv": [10, 10.5, 11, 12.5], "texture": "#0"},
				"south": {"uv": [6, 11, 7, 13], "texture": "#0"},
				"west": {"uv": [7, 11, 8, 13], "texture": "#0"},
				"up": {"uv": [10.5, 13.5, 9.5, 12.5], "texture": "#0"},
				"down": {"uv": [11.5, 12.5, 10.5, 13.5], "texture": "#0"}
			}
		},
		{
			"name": "left_arm",
			"from": [4.16813, 1.74074, 8.25],
			"to": [6.16813, 5.74074, 10.25],
			"rotation": {"angle": -45, "axis": "z", "origin": [5.16813, 3.74074, 9.25]},
			"faces": {
				"north": {"uv": [8, 11, 9, 13], "texture": "#0"},
				"east": {"uv": [11, 10.5, 12, 12.5], "texture": "#0"},
				"south": {"uv": [11.5, 6, 12.5, 8], "texture": "#0"},
				"west": {"uv": [11.5, 8, 12.5, 10], "texture": "#0"},
				"up": {"uv": [14, 3, 13, 2], "texture": "#0"},
				"down": {"uv": [14, 3, 13, 4], "texture": "#0"}
			}
		},
		{
			"name": "right_leg",
			"from": [9, 0.01, 4.25],
			"to": [11, 2.01, 8.25],
			"rotation": {"angle": -22.5, "axis": "y", "origin": [8, 0.01, 6.25]},
			"faces": {
				"north": {"uv": [13, 4, 14, 5], "texture": "#0"},
				"east": {"uv": [12, 10, 14, 11], "texture": "#0"},
				"south": {"uv": [13, 5, 14, 6], "texture": "#0"},
				"west": {"uv": [12, 11, 14, 12], "texture": "#0"},
				"up": {"uv": [6, 14, 5, 12], "texture": "#0"},
				"down": {"uv": [13, 12, 12, 14], "texture": "#0"}
			}
		}
	],
	"display": {
		"thirdperson_righthand": {
			"rotation": [2, 138, 0],
			"translation": [0, 5.75, 1.25],
			"scale": [0.86, 0.86, 0.86]
		},
		"thirdperson_lefthand": {
			"rotation": [2, 132, 0],
			"translation": [0, 5.75, 1.25],
			"scale": [0.86, 0.86, 0.86]
		},
		"firstperson_righthand": {
			"rotation": [0, 109, 5],
			"translation": [1.75, 7, 0],
			"scale": [0.92, 0.92, 0.92]
		},
		"firstperson_lefthand": {
			"rotation": [0, 109, 5],
			"translation": [1.75, 7, 0],
			"scale": [0.92, 0.92, 0.92]
		},
		"ground": {
			"translation": [0, 3.5, 0],
			"scale": [0.65, 0.65, 0.65]
		},
		"gui": {
			"rotation": [25, 151, 0],
			"translation": [0.25, 4, 0],
			"scale": [0.93, 0.93, 0.93]
		},
		"head": {
			"translation": [0, 14.4, 0]
		},
		"fixed": {
			"rotation": [-90, 0, 0],
			"translation": [0, 0, -13.75],
			"scale": [1.7, 1.7, 1.7]
		}
	},
	"groups": [
		{
			"name": "nm_plushie_drowned",
			"origin": [8, 8, 8],
			"color": 0,
			"children": [
				0,
				{
					"name": "group",
					"origin": [8, 7.5, 8.25],
					"color": 0,
					"children": [1, 2, 3, 4, 5, 6]
				},
				7,
				8,
				9,
				10
			]
		}
	]
}